FILE,Abbr,UNIPROT_ID,FASTA_FL,FASTA_bDLD
,MyD88-DD_MOUSE,MYD88_MOUSE,">MyD88-DD_MOUSE
RLSLFLNPRTPVAADWTLLAEEMGFEYLEIRELETRPDPTRSLLDAWQGRSGASVG
RLLELLALLDREDILKELKSRISRIEEDCQKYLGKQQNQES",">MyD88DD_MOUSE
RLSLFLNPRTPVAADWTLLAEEMGFEYLEIRELETRPDPTRSLLDAWQGRSGASVG
RLLELLALLDREDILKELKSRISRIEEDCQKYLGKQQNQES"
,MyD88-DD_HUMAN,MYD88_HUMAN,">MyD88-DD_HUMAN
RLSLFLNVRTQVAADWTALAEEMDFEYLEIRQLETQADPTGRLLDAWQGRASVGRLLE
LLTKLGRDDVLLELGPSIEEDCQKYILKQQQEEA",">MyD88DD_HUMAN
RLSLFLNVRTQVAADWTALAEEMDFEYLEIRQLETQADPTGRLLDAWQGRASVGRLLE
LLTKLGRDDVLLELGPSIEEDCQKYILKQQQEEA"
bdld3_1,Nhal_1492,D5C178_NITHN,">tr|D5C178|D5C178_NITHN FGE-sulfatase domain-containing protein OS=Nitrosococcus halophilus (strain Nc4) OX=472759 GN=Nhal_1492 PE=4 SV=1
MMVYSGKQKIAFSKRLQRDWKDLADYFDIPPQEQAAFDKGHEPRDIWVWLEERERLQELP
EALHYIDREDIIAEVLTPPTPPPPPATHTHQKGSPFPGLRAFTTKEARLFFGRTAETNEL
LNKIKQQALVAVIGASGSGKSSLVAAGGLPRLRELPGGESWQKIRFTPGGLGDDPFLPLA
AKLEPYLETHDLSGRTIAEKLRATGDLAALVRPLFEERPATTKLLFFIDQFEELFTLTEP
KHHKRFIAMLEKAAQADRLRLVLALRADFFHHCIDYPRFDKWLRAGFFSLAPPDLLALME
MITGPAAVAGLSFEEGLSGRILRDTGNEPGALALMAFALAELYKACQPGTTLTHTAYDSF
GGIKGAIGKRAEDAYAKLNKDAQNALAGIFKELVEIDSERGIPTRRRSSLTHFKTTPAAC
TSIEQFAKARLLNCGDPEEDRDVVEVAHESLLTRWPRLKKWIEDRFADFWRRKQLQQAAL
EWEVQERKEAYRWSHERVVEACGMLKRLDYQPTPLEQEFLGPIHPQHMLAEIQDPDTSHE
CRALIGVRLALLGDPDPRKGVGLREDGLPDIEWRQVPPGEVILEVEGDEPAFPFPVAPFY
IARYPVTWQQYQAFLEAADGYSNPERWQGLLDQHSAPGRPFQAYDNHPADNVSWLDAVAF
CRWLSARLGYEIRLPTQWEWQQAATGGDPANMYPWGVEENPAYANTYESGLSRSTAVGMY
PLGASPVGALDMGGNLWEWCLNEYRHPERTQLSGDESRVVRGGSWGNDLGLARSAFRYHY
LPNNRFILIGFRVVCSSPI",">tr|D5C178|D5C178_NITHN FGEsulfatase domaincontaining protein OS=Nitrosococcus halophilus (strain Nc4) OX=472759 GN=Nhal_1492 PE=4 SV=1
KQKIAFSKRLQRDWKDLADYFDIPPQEQAAFDKGHEPRDIWVWLEERERLQELPEALHYIDREDIIAEV
"
bdld3_2,Nhal_1493,D5C179_NITHN,">tr|D5C179|D5C179_NITHN TIR protein OS=Nitrosococcus halophilus (strain Nc4) OX=472759 GN=Nhal_1493 PE=4 SV=1
MPDRIKIFVSYSHQDADYLEENSLLGFLKGLEKENIEFWTDQSIRPGELWDEVIKTQIQD
SHIALVLVSQGFLDSDYCQNTEIKHFLAHKAHLFPVILSPCDWRRHEWLKSRQFLPGGDQ
TVEEHFQDNGRRKRLFLQIREQLRERAELIRQSHYNGPSPPPPPGPFPGPFPGKVKIAFC
DRLGDDWKRLADCLEIRVSDQARFERGDEGRGIWVWLENRSRLSQLPAALREIKRGELAE
LLENFS",">tr|D5C179|D5C179_NITHN TIR protein OS=Nitrosococcus halophilus (strain Nc4) OX=472759 GN=Nhal_1493 PE=4 SV=1
KVKIAFCDRLGDDWKRLADCLEIRVSDQARFERGDEGRGIWVWLENRSRLSQLPAALREIKRGELAELLENFS"
bdld3_3,VT84_06335,A0A142XB67_9BACT,">tr|A0A142XB67|A0A142XB67_9BACT 5'-methylthioadenosine/S-adenosylhomocysteine nucleosidase OS=Gemmata sp. SH-PL17 OX=1630693 GN=VT84_06335 PE=4 SV=1
MLAASDIRGSVTFGILTVRSDEYTAVLEHFPNRETVKGRVFYEYSQQEAADGKRVGIAVA
RSLEQGPGAAHDLTRDLIEDLDPDWILVVGIAGGLPEDDYSLGDVLLASRIYDFSVSAEI
LDGEQHQREWSLGGGAVHPDVAAVLGAIPGWESKLKGWNKQTTVGMKKPVCEIPHDASSD
RLYGPVDWRSKVQKSLARHFPESRKPRLPNYAVIPVGGGGILVKDPALITEWKQSARALG
FVEMEAGGVYRAARRTEREYPVLVVRGLSDIVGFKRAGEWTSYACKTAASFAGAFVRSGI
VTPKPLKYTQAQAKSPTVAAGKNDRAEQQGDNRAEHVVFIEFLLRGPIEEFNESNFRQAL
QTTTGLDVSSARIASIQKRSTLVRLEGDPEVLARIVAQFKASQDALHAFATTTGLTLIRW
HVGSQQYELTVQSEGNSPHEAKQVTPQLLSSPSSDQKAHGLPPASGRTATFAKGRALVIG
VANYPHVNKLPGSVLDDARDVADLLRSSDFCGYPPANVEVLLDAQATLNGIRESLTRLTQ
TSAPDETVVVYFSGHGGRIPSGEFLIPFDCNPRNIANTALSGAELTTFLSTIKAERLAIL
LDACHSSGTAELKSLDPAEGVKAGLSDAAYNLLAQGKGRVMMASCRADETSVVLGGMRNS
LFTHHLLDALRGKASTENVVRVFDVFNYVSDKVPAQEKKQHPVFKAHNLETNFPLSLRAG
GKALGGPEAPVPPAPRLIKLSGKAKLTLYAGLVTRWSALATYLDISLEDRAKFLQGHEPR
QIFEWLEERNRLGELRGAFKDLGWPDLIEELDRHPQ",">tr|A0A142XB67|A0A142XB67_9BACT 5'methylthioadenosine/Sadenosylhomocysteine nucleosidase OS=Gemmata sp. SHPL17 OX=1630693 GN=VT84_06335 PE=4 SV=1
KAKLTLYAGLVTRWSALATYLDISLEDRAKFLQGHEPRQIFEWLEERNRLGELRGAFKDLGWPDLIEELDRHP
"
bdld3_4,mtnN,A0A0B8NJL3_9NOCA,">tr|A0A0B8NJL3|A0A0B8NJL3_9NOCA Adenosylhomocysteine nucleosidase OS=Nocardia seriolae OX=37332 GN=mtnN PE=4 SV=1
MSQSTAADPAIAIDVVVLTALEMERVAVVRALGDCAEYPWRGSKLARAALGDMNVLVVPL
EGMGNTNSAYVAKRAIGIWNPSYVFLTGIAGGARAGVDGLRLGDVLVPEQVVGYELAKVT
ASGTAPRYQVYRPDKRLLDAARDVPPDRWAGRVSIARPDDTISDPAVHFGSVLSGEKVVA
DRDYLDDLRGAWPKAIGVEMECLGVALAAYDSGPGFGMAKAVSDFGEESKNDAWQAYAAE
TAARFTVAVLGSMQAPPRGRHHQSRPVGAVTTFPGPAKLAVCRRLLDDWKEVADYFEVPP
HGRARFGRGDEPRELWAWLEIRDKLHELPDALVEIGRGDLSRLLRDEAP",">tr|A0A0B8NJL3|A0A0B8NJL3_9NOCA Adenosylhomocysteine nucleosidase OS=Nocardia seriolae OX=37332 GN=mtnN PE=4 SV=1
PAKLAVCRRLLDDWKEVADYFEVPPHGRARFGRGDEPRELWAWLEIRDKLHELPDALVEIGRGDLSRLLRDEAP"
bdld3_5,NS506_03802,A0A1I9Z7J0_9NOCA,">tr|A0A1I9Z7J0|A0A1I9Z7J0_9NOCA NPCBM domain-containing protein OS=Nocardia seriolae OX=37332 GN=NS506_03802 PE=4 SV=1
MLGVASHETARFPPGDEADRILKWLEERCRLGELPDALRRIDRPDLAAVFDGVDFLGERS
DGYTDGHARLLTATLEPIRPGPDLFFRSATLNGTHYGDSVVHKCAYFCRDIRSSVSYDLG
GRYRSFESVVGVLDEAEEDDQTGYFQVFLGKSAAPTVAAKHGAPERIRLDVTGVLRLRLV
AYRSDAIGNPILVGAGQVVGKSARLAALAWGDPTLFE",">tr|A0A1I9Z7J0|A0A1I9Z7J0_9NOCA NPCBM domaincontaining protein OS=Nocardia seriolae OX=37332 GN=NS506_03802 PE=4 SV=1
MLGVASHETARFPPGDEADRILKWLEERCRLGELPDALRRIDRPDLAAVFDG"
bdld3_6,NSERUTF1_4813,UPI00090CC649,">BAW07945.1 conserved hypothetical protein [Nocardia seriolae]
MLVPEQVVGYELAKVTASGTAPRYQVYRPDKRLLDAARDVPPDRWAGRVSIARPDDTISDPAVHFGSVLS
GEKVVADRDYLDDLRGAWPKAIGVEMECLGVALAAYDSGPGFGMAKAVSDFGEESKNDAWQAYAAETAAR
FTVAVLGSMQAPPRGRHHQSRPVGAVTTFPGPAKLAVCRRLLDDWKEVADYFEVPPHGRARFGRGDEPRE
LWAWLEIRDKLHELPDALVEIGRGDLSRLLRDEAP",">BAW07945.1 conserved hypothetical protein [Nocardia seriolae]
PAKLAVCRRLLDDWKEVADYFEVPPHGRARFGRGDEPRELWAWLEIRDKLHELPDALVEIGRGDLSRLLRDEAP"
bdld3_7,NIES2098_06580,A0A1Z4FQN5_9CYAN,">tr|A0A1Z4FQN5|A0A1Z4FQN5_9CYAN CHAT domain-containing protein OS=Calothrix sp. NIES-2098 OX=1954171 GN=NIES2098_06580 PE=4 SV=1
MNINQKQRLERQRDSLQDEWNLRNEKLTQLRRALIIEAGAAVKFQLEQQIQAEETELKRL
EQELDNIEQTLSTTVEQTSSQPNFAQPPIAPSQEDQNQSRDLSMKPKKILILAANPKQTV
RLRLDEELRDIKEGLQRSLNRDNFDLRYDLAVRPRDIRRAILDYRPNIIHFSGHGVGVKG
LSFEDETGKEQLVTGEALAGLFGQFSNQVECVLLNACYSEVQANAIVQHINYVIGMNDAI
DDKAAIEFVVAFYDALAAYNREYDSGSPVEFAFNIARNAIELAGVSGESIPELKKKPNII
DKTPNLPVVEPPTNKQIPGQTKIFICRRLTQDWQDLADYFEIQPHERAGFKPGREPHSIW
EWLEQRNRLGELESALIEIGREDLAQELKKK",">tr|A0A1Z4FQN5|A0A1Z4FQN5_9CYAN CHAT domaincontaining protein OS=Calothrix sp. NIES2098 OX=1954171 GN=NIES2098_06580 PE=4 SV=1
QTKIFICRRLTQDWQDLADYFEIQPHERAGFKPGREPHSIWEWLEQRNRLGELESALIEIGREDLAQELKKK"
bdld3_8,ETSY1_16630,W4LNN3_9BACT,">tr|W4LNN3|W4LNN3_9BACT FGE-sulfatase domain-containing protein OS=Candidatus Entotheonella factor OX=1429438 GN=ETSY1_16630 PE=4 SV=1
MQRISGPQRVMFSRRLGHDWRDLATYLEIPDYEQGFAEGAEGQDILTWLEQRGRLHEVLA
ALNDIGRSELAEILQVQSPPSPGPDAVTPSWPGRPYPGLCAFSSEEAPIFCGRDRHADAL
VERLKDPQHRFVAVVGASGSGKSSVVAAGVLPRLQQGAIPGCANWIVLEFTPGGPANDPF
HALSIHLEPWLRHQRLRARDIDQKLRVSGGLSELVQQALGHREHAELVLFIDQFEELFTL
CDESCRQPFINMLFQAASISRLRIIITLRSDFSAQCIQDDKLASLLNAGFYALPPPGIAE
LYAMITRPAALAGLRFEPDDLPWRILDDTGTEPGALALMAFALAELYEALTPEGVLTLDA
YERFGGVSGVLGKRADETYDALPAASQDALGTVFKELVEVDAERGVPTRKRSALQHFGPN
RAALDLIKVLTEARLLVCSSPEHGEPMVEVAHEALLLHWGLLSDWIEERFDDFRLLRQVK
LAAAEWERYQRSSYYLWRHELLVPVAKMLNRLQPVLSPVERAFVRLESERLLEQIDDRNT
SHQERVKIGDRLADIGDPRPGVELNEDQLPDLVWCEVPGGEVALEDNAGTFDVAPGYISK
YPVTWAQYRCFLQAGDGYANAGWWEGLAEREEEPGEQYRELDNHPAEMVSWYDAVAYCRW
LSAKLGYEIRLPTEWEWQQAATVGDPSRKYPWGTNWEAERANTYESRLGRTTAVGMYPRG
ASLVGALDMSGNILEWCLNLHADPSDTDLSSSSGRVVRGGSWDDDPLFARVFPLPLLPSV
PLR",">tr|W4LNN3|W4LNN3_9BACT FGEsulfatase domaincontaining protein OS=Candidatus Entotheonella factor OX=1429438 GN=ETSY1_16630 PE=4 SV=1
PQRVMFSRRLGHDWRDLATYLEIPDYEQGFAEGAEGQDILTWLEQRGRLHEVLAALNDIGRSELAEILQV"
bdld3_9,ETSY1_16605,W4LLN3_9BACT,">tr|W4LLN3|W4LLN3_9BACT NACHT domain-containing protein OS=Candidatus Entotheonella factor OX=1429438 GN=ETSY1_16605 PE=4 SV=1
MKLEFCRRLGNSWRDLADVIPIPHHEQRRFERGFEPRAIWDWLQDRQRLSELPETLRRIG
RDDLVDLWDKAQRESTEQFYRDGITRWADARYALDTRFVQLTLLLDQGEAAQGPRWHVSE
RFGALADVLERVSEQAVVLLGPPGSGKSTLLRHYAMDRAQAVLDRVDADRHEDAPFCFWL
SLNDYKAPQPGDPLPPPQAWLEARWADTHPMLPPLPTLLREQRLTLLLDALNEIPHPGGE
PVRFWKDFLQRLDRDYPGNRVVFSCRSLDYSASLSAKELPVPQVRIEALSDAQVQQFIEL
YCPEHAATLWVNLAGSPQLDLLRTPY",">tr|W4LLN3|W4LLN3_9BACT NACHT domaincontaining protein OS=Candidatus Entotheonella factor OX=1429438 GN=ETSY1_16605 PE=4 SV=1
MKLEFCRRLGNSWRDLADVIPIPHHEQRRFERGFEPRAIWDWLQDRQRLSELPETLRRIGRDDLVDLWDK"
bdld3_10,ETSY2_13175,W4MB13_9BACT,">tr|W4MB13|W4MB13_9BACT HTH cro/C1-type domain-containing protein OS=Candidatus Entotheonella gemina OX=1429439 GN=ETSY2_13175 PE=4 SV=1
MLPSGGESIEEHYTDPGRRKQLFHDIRKQLRERVEFIRQTGAALASELAYAGKPQIDFLH
RLGHSWQELADYFDIPVYDQARFERGEEGRRIWVWLENRKRLHELPKALALINRNDLVQV
LYSEP",">tr|W4MB13|W4MB13_9BACT HTH cro/C1type domaincontaining protein OS=Candidatus Entotheonella gemina OX=1429439 GN=ETSY2_13175 PE=4 SV=1
KPQIDFLHRLGHSWQELADYFDIPVYDQARFERGEEGRRIWVWLENRKRLHELPKALALINRNDLVQVLYSEP"
bdld3_11,ETSY2_08400,W4MCI4_9BACT,">tr|W4MCI4|W4MCI4_9BACT NACHT domain-containing protein OS=Candidatus Entotheonella gemina OX=1429439 GN=ETSY2_08400 PE=4 SV=1
MKLEFSHRLGDSWRELADVIPIPNHEQRRFERGFEPRAIWDWLEDWQRLSELPEHLRSIG
RIDLADLWAEAQRESSDQFYRDCITRWSDARYELDKRFVQLTLLLDQGEAAQGPRWQVHE
RFGALADVLEHVPEQAVVLLGPPGSGKSTLLRHYAMDRARDVLDYGDAGSRTDAPICFWL
SLNDYKAPLPGDPLPSPHAWLETRWAAANPMLPPLTTLLREQRLTLLLDALNEIPHAGDE
PVRLWKDFLQQLDRDYSGNRVIFSCRSLDYSASLSSKELPVPQVRIEALSDAQVQQFVEL
YCPAHASTLWANLAGSPQLELLRTPYYLKLLVEQTVAGEIPVGRAALFTGFVRQALKREV
DSGHALFQAGDLLTARDLTRLTHGTWRTACELPGRGILFGKLSALAYEMQHRHGANEASQ
IRIDLDDALDILDHELAIDMIKAGVALGVLDEDLGREELLFVHQLLQEYFAAHRLAAALE
PALLQVQWQADRVSPSLQETLASLADADPLPPLPATGWEETAVLAAAIVEAPETFVADLM
AMNLPLAGRCAAQPDVEVSDALAYQLRWSLVERSQDADADLRARIAAAVALGELGDPRFE
RRTGPEGDYLLPPLIEVPAGMYTMGSDEGHYDDEGPVHRVELASFCMGKFPVTNAEWALF
MQAGGYEDERWWVTEADRAWQRGESTAEGPKRQWREFRNSVKADFDGFRQRSNLTSVDIE
NGERIIDMSEEEFEAVLEGLYPPGQQTQPAYWNDDAYNHPAQPVVGICWYEARAYCAWLS
AQTGHDFRLPTEAGWEVAARGLEGRRYAYGNDHDPAHCNTFDTHIRRTTPIGVFPGGETP
KPACIADMTGNVWDWTSSLYQPYPYDPADGREAPSADESSGRVVRGGAWRDFPLDARASC
RSGYGPAVRRGFRVWCSSPIRS",">tr|W4MCI4|W4MCI4_9BACT NACHT domaincontaining protein OS=Candidatus Entotheonella gemina OX=1429439 GN=ETSY2_08400 PE=4 SV=1
MKLEFSHRLGDSWRELADVIPIPNHEQRRFERGFEPRAIWDWLEDWQRLSELPEHLRSIGRIDLADLWAE"
bdld3_12,NIES4075_09730,A0A218QDN5_9CYAN,">tr|A0A218QDN5|A0A218QDN5_9CYAN CHAT domain-containing protein OS=Tolypothrix sp. NIES-4075 OX=2005459 GN=NIES4075_09730 PE=4 SV=1
MSNNPTVKKILILAANPKNTVRLRLDQEVRDIEQGLQLAAQRDKFTLQQKWAVRSRDIRL
AVLDFRPNIIHFSGHGSETEGLSFEDEVGKEKFVTADALGGLFKLFANHVECVLLNACYS
EVQADAIAQDIDYVIGMNAAIGDRAALEFSVGFYDALARYDPEYDGDSAIEFAFNVARSS
ISLAGVAGECIPVLIKNPNPKPKDTSILNPVNPAIKRYSGKVKIKVCQNLIQDWHNLADY
FDIPLEQRASFEAGRQPYRIWEWLEQRSRLGELEVALSDIGRDDLVEELKKN",">tr|A0A218QDN5|A0A218QDN5_9CYAN CHAT domaincontaining protein OS=Tolypothrix sp. NIES4075 OX=2005459 GN=NIES4075_09730 PE=4 SV=1
KVKIKVCQNLIQDWHNLADYFDIPLEQRASFEAGRQPYRIWEWLEQRSRLGELEVALSDIGRDDLVEELKKN"
bdld3_13,EYP59_02780,A0A836SCG8_9GAMM,">tr|A0A836SCG8|A0A836SCG8_9GAMM TIR domain-containing protein OS=Thiotrichaceae bacterium OX=2030882 GN=EYP59_02780 PE=4 SV=1
MLYSGKSKLELCRRLGNDWLDLATCLDIPAHRRNQFQQGRECYAILEWLEERNERLQKLP
EALKDIEREDLLLVFEGEKTPQLQQYSDDDGGIHPFKQNAFPHLLCYLPDRKPQKEALKE
AIKAYRAQYADKKQRPLLCLIHGNENEYGHFIKCLLEDFLLNDNALSESFRGGRLEIELL
LEEFHTVDKLPQEILAFLENKINAKPEKEAIANKLARERRPIIIPVHILTNDLEEWQDDQ
KTIIEGFIEFWADWPKKVYAQHQLFLVFLSFSYEGGKNHFSVFKNWFRWKRKANHSVLRK
QFETLNQKYPTIMDFFENQHVHAKVLPKLESVKRMQACNWVSTHEEQIKHFWLDTDALKE
KVKALYEKRDAIPMDDLARELKQLLTQPNQ",">tr|A0A836SCG8|A0A836SCG8_9GAMM TIR domaincontaining protein OS=Thiotrichaceae bacterium OX=2030882 GN=EYP59_02780 PE=4 SV=1
KSKLELCRRLGNDWLDLATCLDIPAHRRNQFQQGRECYAILEWLEERNERLQKLPEALKDIEREDLLLVFEG"
bdld3_14,EYP59_02785,A0A836SDX0_9GAMM,">tr|A0A836SDX0|A0A836SDX0_9GAMM Serine protease OS=Thiotrichaceae bacterium OX=2030882 GN=EYP59_02785 PE=4 SV=1
MRDDALKKRIHNEIANATVKILVEDEFQGSGIFITPDGYILTAYHCIGKYSSKITIETRF
GEQFNAELDDAKSLKHLDYDIAVLKIYEQAAHCLPLGTISTQNVTDEIVAMGYPAGDNPK
HNKIGFFFSQISQIRADNKIQIPDAIKGRGQSGGPVYHYATKRLIGLATEGYKPDVIMDT
GLATRFDALFEKWPELEIINDKVAQAWEKRLLEFGYGGSHSLSRHENTDVTPTDKETSLV
VSGKIKIRFCRRLGSDWQELADYLEIKAYRRSQFQQGRECQAIWEWLEERKKWHILKEAL
GDLERQDLVDLLNTNNK",">tr|A0A836SDX0|A0A836SDX0_9GAMM Serine protease OS=Thiotrichaceae bacterium OX=2030882 GN=EYP59_02785 PE=4 SV=1
KIKIRFCRRLGSDWQELADYLEIKAYRRSQFQQGRECQAIWEWLEERKKWHILKEALGDLERQDLVDLLNT"
bdld3_15,EYP59_13525,A0A836SI17_9GAMM,">tr|A0A836SI17|A0A836SI17_9GAMM AAA family ATPase (Fragment) OS=Thiotrichaceae bacterium OX=2030882 GN=EYP59_13525 PE=4 SV=1
MTSYSGKIKIKLCKRLGNDWQDLADYFEIPCQQFEQGRECQEIWEWLKKRDKLQELSEAL
KDLKRNDLLSCFEETERDDKSLNDNSSLENEKGNNHPGKTAQPTPNHKNLPETVIGQRQR
DLLTWLRDKWMHDGPNVCFVEGFSGVGKTQVARVLLQSMGIIGTTAVRVDMPDMETNSID
DLLLDLASDLDLNNHHQLVDAIDKGQDLLKALEQFLFLNPVLIIIDEFQRALMQGRATPI
KKIAGFLEKLGRRPLQKGRLLLLSNRSMERGQWLENHEVRTLSGLIPTEAEKLLDDLLKK
KERANEVPLVRRQEVVNALACNPRALHVFVECLRREPLDDLLGAIPDLWSVDDREISANL
LHDLEKALLERTLTHINDEVRLFLENIVVYRKSIKQKAFKKMADNTAKVAQCRNELIDRF
LLELHKDWYSLNPVVREIVLHNLNEQALRRAHSLAADYYTRHFLSEQIVKTGGELGGHFV
EARFHLVRAEREGVLQTISTRFEQHLRATIISTSRPPQNEIELNERIALLSGLLEHGGMK
GWEYHLARCYQARHYPDDLEKALQHIRKATGSYAPVDTWLLRVILENEMHGIDKALIVTK
EGIRQISADMGVVALYEKGGELLANANRIDKAIDLLREGIQKISADKSVVVLYLSCGELL
ARDNRINDAINLLREGIEK",">tr|A0A836SI17|A0A836SI17_9GAMM AAA family ATPase (Fragment) OS=Thiotrichaceae bacterium OX=2030882 GN=EYP59_13525 PE=4 SV=1
KIKIKLCKRLGNDWQDLADYFEIPCQQFEQGRECQEIWEWLKKRDKLQELSEALKDLKRNDLLSCFEE"
bdld3_16,EYP59_13530,UPI0017BD915A,">UPI0017BD915A
MTRQDIQGEAKQHSILQAAIHYIYNTFTPNEQNLLLCLAPLKFAININMLPEYRQQLRQH
AVLAHLPFDDWENVLEKVADWGLLRLYPDVLLQSAFADFLRSRLGEKAESQNAIETTSTQ
YYNNALKIDTVTQPEMSNQNDVQMPTQNDKETSLVLSGKIKIKFCQRLGVDWQDLADYLK
IPPHRRSQFRQGRECQAIWEWLEERENLNILKEALDVLDRQDLVELLNTNNK",">UPI0017BD915A
KIKIKFCQRLGVDWQDLADYLKIPPHRRSQFRQGRECQAIWEWLEERENLNILKEALDVLDRQDLVELLNT"
bdld3_17,F6J96_11435,A0A6P0V0N3_9CYAN,">tr|A0A6P0V0N3|A0A6P0V0N3_9CYAN 5'-methylthioadenosine/S-adenosylhomocysteine nucleosidase OS=Symploca sp. SIO1C2 OX=2607769 GN=F6J96_11435 PE=4 SV=1
MHQDDSVDVVIVTALEKERDAVLRYLNSPQRVETKNRVVYKSYLKHENSESGYQVGVLCL
GGMGNVLASSAVTQAINDWNPAVIILTGIAGGVQGSERVLGDLIVAEQIVGYELGKLTDV
GTESRFEALRSTHLLIKKARNFPDQKWAYDQRIISRPDGTSRPIPKVHFGVVVFGEKVIA
DTITIPELQHAWTQLIGVEMESFGTALAVYQSDSVPAMIMVKGICDWADLNKSYEWQEYA
ADVAAAYVVNFLRSNPIRCRESNRVQPRVAPNFSGKTKIMLCRRLSKDWKDLADYFDIPE
YKRARFSQGYECQEIWEWLQDRNQLHRLRKALKFIDREDLIELLGD",">tr|A0A6P0V0N3|A0A6P0V0N3_9CYAN 5'methylthioadenosine/Sadenosylhomocysteine nucleosidase OS=Symploca sp. SIO1C2 OX=2607769 GN=F6J96_11435 PE=4 SV=1
KTKIMLCRRLSKDWKDLADYFDIPEYKRARFSQGYECQEIWEWLQDRNQLHRLRKALKFIDREDLIELLGD"
bdld3_18,F6J86_41320,A0A846BTR6_9CYAN,">tr|A0A846BTR6|A0A846BTR6_9CYAN Phage protein OS=Symploca sp. SIO1B1 OX=2607763 GN=F6J86_41320 PE=4 SV=1
MVKLGTIKVKFCRRLGDDWYDLADFFEIPTAARERWEQGLEPKKLWECLGMVCRQLAQ",">tr|A0A846BTR6|A0A846BTR6_9CYAN Phage protein OS=Symploca sp. SIO1B1 OX=2607763 GN=F6J86_41320 PE=4 SV=1
TIKVKFCRRLGDDWYDLADFFEIPTAARERWEQGLEPKKLWECLGMVCRQLAQ"
bdld3_19,F6K41_12275,A0A6P0WRV4_9CYAN,">tr|A0A6P0WRV4|A0A6P0WRV4_9CYAN NACHT domain-containing protein OS=Caldora sp. SIO3E6 OX=2607806 GN=F6K41_12275 PE=4 SV=1
MDSLSGPTRIVICRRLVNRWLELAIYFEISQAERAAFRQGEEPLCTLDWLEQHNKLNKSE
LQKAFEELDWKDLIVELDSPQSDSVDDFREFENQNRIADVVEDNPYLLGSSFAGREKELS
DLTNWLTEGDCKYIDSRLLCICDLGGTGKSALVWHWFNDTDIKHLVAEQGYNSFWATFYA
KNYDWIKFLLHLSQELNLRFVGHLDNLHSQRELQNAILECLQEQKWLIVLDGLEREMGAF
ANPENQLVDSEEQDQRNELGHIPDEEKYIRSPIFREFIRGLLSTQSKILITSRLVPQDLL
QENDHPVDGVTVYPFEPLSYTDAIKIWDISSASSSSNLQRDFFELIGYHPQLIGIVSAAV
SISGWIYFKEWFSQFPREDQSLCLDVSAPKTTLRHRWLDIATRDIISNRKKDWILLCRIV
ARPDATEIEALKTSTVCGASEQKRSTLFRADEQLIEALQYLERRRLLGADFSRGAVDVHP
VVRGHITKYILKQVDLDPTEVDQDLLKLLEENEGTSGFLSKILTQSNIEETLQALDDKTI
DDFRIQFGNKSALINILGKFFSREKNPTNPWLGSLPGLELRKEQALCLLTTGSALMSMGR
WKESPILFRRAELAYRLCGDLTSVEKCQRYQTWQILYSGSLWQSEQNRLHLLEKSEEPWT
SDVHWIALLLAIRQSPIAAKLLNQVKTETRWELQTVAEAWYYLEEYDKALKYAVRALQRK
ELESPDQRLWEWVTLGLASLRLNNLPVAANFLTRSIEQSTGRAYPIISMFARAGYIECLY
KEATSLEYPSQQMAKLDAACEEYKRYSQADPNNTYQIPASEVHLAIAKTKLELGERDQAF
EKAQQSLEIARGKNVPFCYVAGEKRAIDFLKFLDSNYLVPPHQSGIDEYAIREHENRVSK
AIAVWEDDNEQ",">tr|A0A6P0WRV4|A0A6P0WRV4_9CYAN NACHT domaincontaining protein OS=Caldora sp. SIO3E6 OX=2607806 GN=F6K41_12275 PE=4 SV=1
PTRIVICRRLVNRWLELAIYFEISQAERAAFRQGEEPLCTLDWLEQHNKLNKSELQKAFEELDWKDLIVELDSP"
bdld3_20,F6K41_12280,A0A6P0WWU2_9CYAN,">tr|A0A6P0WWU2|A0A6P0WWU2_9CYAN XRE family transcriptional regulator (Fragment) OS=Caldora sp. SIO3E6 OX=2607806 GN=F6K41_12280 PE=4 SV=1
CHRVTIRWQDLAIYLEIPLADRATFSQGHEPLRTLEWLEQHTQQPSEFKNKLRQAFEELG
WNDLIDELDGSK",">tr|A0A6P0WWU2|A0A6P0WWU2_9CYAN XRE family transcriptional regulator (Fragment) OS=Caldora sp. SIO3E6 OX=2607806 GN=F6K41_12280 PE=4 SV=1
CHRVTIRWQDLAIYLEIPLADRATFSQGHEPLRTLEWLEQHTQQPSEFKNKLRQAFEELGWNDLIDELDGSK"
bdld3_21,F6K15_16045,A0A846G612_9CYAN,">tr|A0A846G612|A0A846G612_9CYAN CHAT domain-containing protein OS=Okeania sp. SIO2B3 OX=2607784 GN=F6K15_16045 PE=4 SV=1
MELLELYLSPLDNPTEFKVIVTQSPAGEGESKSSLPFLDVERDWRTTVIRTLDISSFNSE
SFSAEGEQEWMIKAGILGSDRSTFHPNYLVNIGQALYNALFPQGSRVEQLLQQSITLAES
KSTKLVVRLKLEADVVQKTRLADYPWELLYNKYFLCHHQVEFSRYIAYQAVPPSLPTAEK
LNVLLVSSGASDAELNLGMLSKKEQKAILKGFKTASERGDISLEQLKEATFDELRTYLTE
HPGDKAPHVLHFDGHGLFGKPCPNPECGAMNAGTKAQQCRKCGTELPSAQGYLVFEDEDG
DADYISARELGTLLHQFGLSDGDSQTGGVVLVVLSACHSGRVIAGESIFNGAAQNLIAHR
VPAVVAMQYSVMVDSATKFTEQFYRSLGQKNSLAVAVSQGRGAMGVEGNQWYRPVLYLRW
QDNEGGQLFGFPSEASEKSGTPKQLSSGYREVKTMEKTDKSSGQPKIKSKYRFCQKLGDS
YRNLALYFEIPPQDQNRWPAGSECEKILEWLENRSRFDELPEALIEIEREDLVDMIS",">tr|A0A846G612|A0A846G612_9CYAN CHAT domaincontaining protein OS=Okeania sp. SIO2B3 OX=2607784 GN=F6K15_16045 PE=4 SV=1
KSKYRFCQKLGDSYRNLALYFEIPPQDQNRWPAGSECEKILEWLENRSRFDELPEALIEIEREDLVDMIS"
bdld3_22,F6K15_16050,A0A846G540_9CYAN,">tr|A0A846G540|A0A846G540_9CYAN XRE family transcriptional regulator OS=Okeania sp. SIO2B3 OX=2607784 GN=F6K15_16050 PE=4 SV=1
MVNKFKFCTKLGDSHKDLALYFEIPPRDQNRWPAGSECEKILEWLENRSRFDELPEALVE
IKREDLVYLISQPANGEEENRWWQDNEGGQLFARESFQTNNIKQSFKLNKKEKEYFHSLF
IFSADLDIPFSVIAIIWDLELSEVKPLCDKLYELSLLRKYKTTDDNRGIIQLNSLLRKHF
ISVSDNEFKQLLAKTNKKFVEYYEKKYELNSPDYLPDNLPLEEKKFLRKVYKYHWRQAKK
V",">tr|A0A846G540|A0A846G540_9CYAN XRE family transcriptional regulator OS=Okeania sp. SIO2B3 OX=2607784 GN=F6K15_16050 PE=4 SV=1
VNKFKFCTKLGDSHKDLALYFEIPPRDQNRWPAGSECEKILEWLENRSRFDELPEALVEIKREDLVYLISQP"
bdld3_23,F6K47_33365,A0A6M0G9Y0_9CYAN,">tr|A0A6M0G9Y0|A0A6M0G9Y0_9CYAN 5'-methylthioadenosine/S-adenosylhomocysteine nucleosidase OS=Symploca sp. SIO2E6 OX=2607809 GN=F6K47_33365 PE=4 SV=1
MKAKEYYQRLKDMHQGDSVDVVIVTALDKERDAVLRYLDSPQRVETKNRVVYKSYLQSEN
SDSGYQVLVFCLGGMGNNLASSVVTQAIDVWNPTVIILTGIMGGVKGSDRLLGDLIVAEQ
IVGYELGKLKDVGTERRFEALRADHLLIEKARHFPHHKWALDQKMISRPDGTSRRVIPQV
HFGVVASGEKVIADTITIPELQSSWVKLIGIEMESFGTALAVYQADSAPAMLMVKGICDW
ADPNKNDEWQEYAAATSAAYVVNFLRSNPIGCRENNRVQPRVTPNFSGKTKIMLCRRLNK
DWKDLADYFDIPEYKRARFSQGYECQAIWEWLQERNQLYRLRDALEFIDREDLARWLEEQ
F",">tr|A0A6M0G9Y0|A0A6M0G9Y0_9CYAN 5'methylthioadenosine/Sadenosylhomocysteine nucleosidase OS=Symploca sp. SIO2E6 OX=2607809 GN=F6K47_33365 PE=4 SV=1
KTKIMLCRRLNKDWKDLADYFDIPEYKRARFSQGYECQAIWEWLQERNQLYRLRDALEFIDREDLARWLEEQF"
bdld3_24,F6K47_33370,A0A6M0GAA9_9CYAN,">tr|A0A6M0GAA9|A0A6M0GAA9_9CYAN Formylglycine-generating enzyme family protein OS=Symploca sp. SIO2E6 OX=2607809 GN=F6K47_33370 PE=4 SV=1
MDKDKVGPTKLKFCHRLGDDWRDLAIFFDIRSSTRNRWDKGTESQELWELLERQGRLHKL
PAALLEIGREDLFDMTKGLSNSAKDSCEETNRYSNPPKQPPPTPQLILTRRRLIELAGFG
CVGLVGAVIANQVWKLNRSFKFDVVTVDSQGRETNHKRSQAEFFVEGLSNGVTLEMVAIP
SGKFMMGSPTSEKEREGKESPLHEVTVQPFFMGKYPVTQAQWKAVAALPKVNRDLKAEPF
RFKGDNLPVEQVFWYDAVEFCARLSKKTERIYRLPSEAEWEYACRAGTTTPFHFGETITS
KLANYGGMKTYNSGPKGEYRGQTTPVGNFQVANAFGLYDMHGNVWEWCADSWHNNYQGAP
TDGSAWNNDNDDRLLRGGSWFSHPARCRSAFRILYDPGVFHDGTFGFRVVCEEA",">tr|A0A6M0GAA9|A0A6M0GAA9_9CYAN Formylglycinegenerating enzyme family protein OS=Symploca sp. SIO2E6 OX=2607809 GN=F6K47_33370 PE=4 SV=1
PTKLKFCHRLGDDWRDLAIFFDIRSSTRNRWDKGTESQELWELLERQGRLHKLPAALLEIGREDLFDMTKG"
bdld3_25,HC917_11650,UPI001690206C,">UPI001690206C
MISTGYSSQNEFYNNRTDVVILTALPKERDAILKYLESPQIVEYSGRTFHKASIETSKSE
TVYQAIILCLPSMGNNQAAIATQRAISEFNPSHIILVGIAGGVPKENSRYLGDIIVGEQI
VDYALNKRVQAEQGHSQNQPRYQIYRPARVLLEAAKNLPLQNWAFCVKAQRPDGTTRRVN
PAVHFGVIASGNTVIADQDLRDELKNDWSQLVGIEMEGAGAALAAYESDFMPGIFLVKGM
CDWADGSKNDDWQQYAAETAASFVVELLRTAPFESTLELHPQSNHVSNQEALPQSNLKPQ
NLVNENPVKATSTVTTKNYSGKIKISICNKLVRDWEDLADYFDIKLHERETFDKGKEARR
VWEWLEQRTKLHELEDAFIAIGREDLVEELNK",">UPI001690206C
KIKISICNKLVRDWEDLADYFDIKLHERETFDKGKEARRVWEWLEQRTKLHELEDAFIAIGREDLVEELNK"
bdld3_26,HC907_19595,UPI001694A947,">UPI001694A947
MKPEKIEELLVKIEKIQSILIDVATCQSKICDEEESYKKIYQEIDRTIGFLSEDYLNVIN
PNNFDILRKWYEFYDENNLNTAERLKYIYELYSDVVNQVENHLYTNFDKYKVKSNLDDFD
IIKVEKLVKKVEIIQDIMIDVATGKSKPEDEEEDYIKIWKDAALQIRELEIIGFPITNPN
NFRCLSHWKAHYSCELEKYQYRRDYVNDLYSNIINPINKATTRYHSIGSSVEDFVGYLKR
YLTEAQSIPSISKLREETDQMVSTKNINASSPQRKIKELEIDSNSDLTELRIISPVISTG
YSSQNEFYNNRTDVVILTALPKERDAILKYLESPQIVEYSGRTFHKASIETSKSETVYQA
IILCLPSMGNNQAAIATQRAISEFNPSHIILVGIAGGVPKENSRYLGDIIVGEQIVDYAL
NKRVQAEQGHSQNQPRYQIYRPARVLLEAAKNLPLQNWAFCVKAQRPDGTTGRVNPAVHF
GVIASGNTVIADQDLRDELKNDWSQLVGIEMEGAGAALAAYESDFMPGIFLVKGMCDWAD
GSKNDDWQQYAAETAASFVVELLRTAPFESTLELHPQSNHVSNQEALPQSNLKPQNLVNE
NPVKATSTVTTKNYSGKIKISICNKLVRDWEDLADYFDIKLHERETFDKGKEARRVWEWL
EQRTKLHELEDAFIAIGREDLVEELNK",">UPI001694A947
KIKISICNKLVRDWEDLADYFDIKLHERETFDKGKEARRVWEWLEQRTKLHELEDAFIAIGREDLVEELNK"
bdld3_27,HC815_19700,UPI00169F1740,">UPI00169F1740
MKPEKIEELLVKIEKIQSILIDVATCQSKICDEEESYKKIYQEIDRTIGFLSEDYLNVIN
PNNFDILRKWYEFYDENNLNTAERLKYIYELYSDVVNQVENHLYTNFDKYKVKSNLDDFD
IIKVEKLVKKVEIIQDIMIDVATGKSKPEDEEEDYIKIWKDAALQIRELEIIGFPITNPN
NFRCLSHWKAHYSCELEKYQYRRDYVNDLYSNIINPINKATTRYHSIGSSVEDFVGYLKR
YLTEAQSIPSISKLREETDQMVSTKNINASSPQRKIKELESISNSDLTELRIISPVISTG
YSSQNEFYNNRTDVVILTALPKERDAILKYLESPQIVEYSGRTFHKASIETSKSETVYQA
IILCLPSMGNNQAAIATQRAISEFNPSHIILVGIAGGVPKENSRYLGDIIVGEQIVDYAL
NKRVQAEQGHSQNQPRYQIYRPARVLLEAAKNLPLQNWAFCVKAQRPDGTTGRVNPAVHF
GVIASGNTVIADQDLRDELKNDWSQLVGIEMEGAGAALAAYESDFMPGIFLVKGMCDWAD
GSKNDDWQQYAAETAASFVVELLRTAPFESTLELHPQSNHVSNQEALPQSNLKPQNLVNE
NPVKATSTVTTKNYSGKIKISICNKLVRDWEDLADYFDIKLHERETFDKGKEARRVWEWL
EQRTKLHELEDAFIAIGREDLVEELNK",">UPI00169F1740
KIKISICNKLVRDWEDLADYFDIKLHERETFDKGKEARRVWEWLEQRTKLHELEDAFIAIGREDLVEELNK"
bdld3_28,HC874_21920,UPI0016B22CC5,">UPI0016B22CC5
MKKVEIIQDIMIDVATGKSKPEDEEEDYIKIWKDAALQIRELEIIGFPITNPNNFRCLSH
WKAHYSCELEKYQYRRDYVNDLYSNIINPINKATTRYHSIGSSVEDFVGYLKRYLTEAQS
IPSISKLREETDQMVSTKNINASSPQRKIKELESISNSDLTELRIISPVISTGYSSQNEF
YNNRTDVVILTALPKERDAILKYLESPQIVEYSGRTFHKASIETSKSETVYQAIILCLPS
MGNNQAAIATQRAISEFNPSHIILVGIAGGVPKENSRYLGDIIVGEQIVDYALNKRVQAE
QGHSQNQPRYQIYRPARVLLEAAKNLPLQNWAFCVKAQRPDGTTRRVNPAVHFGVIASGN
TVIADQDLRDELKNDWSQLVGIEMEGAGAALAAYESDFMPGIFLVKGMCDWADGSKNDDW
QQYAAETAASFVVELLRTAPFESTLELHPQSNHVSNQEALPQSNLKPQNLVNENPVKATS
TVTTKNYSGKIKISICNKLVRDWEDLADYFDIKLHERETFDKGKEARRVWEWLEQRTKLH
ELEDAFIAIGREDLVEELNK",">UPI0016B22CC5
KIKISICNKLVRDWEDLADYFDIKLHERETFDKGKEARRVWEWLEQRTKLHELEDAFIAIGREDLVEELNK"
bdld3_29,HC787_01195,UPI0016BCEC46,">UPI0016BCEC46
MPKERDAILKYLESPQIVEYSGRTFHKASIETSKSETVYQAIILCLPSMGNNQAAIATQR
AISEFNPSHIILVGIAGGVPKENSRYLGDIIVGEQIVDYALNKRVQAEQGHSQNQPRYQI
YRPARVLLEAAKNLPLQNWAFCVKAQRPDGTTGRVNPAVHFGVIASGNTVIADQDLRDEL
KNDWSQLVGIEMEGAGAALAAYESDFMPGIFLVKGMCDWADGSKNDDWQQYAAETAASFV
VELLRTAPFESTLELHPQSNHVSNQEALPQSNLKPQNLVNENPVKATSTVTTKNYSGKIK
ISICNKLVRDWEDLADYFDIKLHERETFDKGKEARRVWEWLEQRTKASRIRRCIYCNRT",">UPI0016BCEC46
KIKISICNKLVRDWEDLADYFDIKLHERETFDKGKEARRVWEWLEQRTKASRIRRCIYCNRT"
bdld3_30,BV378_11875,A0A252DI72_9NOSO,">tr|A0A252DI72|A0A252DI72_9NOSO CHAT domain-containing protein OS=Nostoc sp. RF31YmG OX=1932668 GN=BV378_11875 PE=4 SV=1
MNINQKQRLERQRDSLQEEWNLRNEKLTQLRRALIIEAGATVKFQLEQQIQAEETELKRL
EQELDNIEQTLSTTVEQTPSQPNFDQPPIAPSQKDQNQSRDFSMKPTKILILAANPKQTV
RLRLDEELRDIKEGLQRSLNRENFDLRYDLAVRPRDIRRAILDYRPNIIHFSGHGFGVKG
LSFEDETGKEQLVTGEALAGLFGQFSNQVECVLLNACYSQVQANAIVQHINYVIGMNDAI
GDKAAIEFVVAFYDALAAYNREYDSGSPVEFAFNIARNAIELAGVSGESIPELKKNPNII
DKTPNLPVVKPPANRQIPGQTKIFICRRLTQDWQDLADYFEIQPHERAGFKPGREPHSIW
EWLEQRNRLGELESALIEIGREDLAQELKKN",">tr|A0A252DI72|A0A252DI72_9NOSO CHAT domaincontaining protein OS=Nostoc sp. RF31YmG OX=1932668 GN=BV378_11875 PE=4 SV=1
QTKIFICRRLTQDWQDLADYFEIQPHERAGFKPGREPHSIWEWLEQRNRLGELESALIEIGREDLAQELKKN"
bdld3_31,BV372_20335,A0A252DUS7_9NOSO,">tr|A0A252DUS7|A0A252DUS7_9NOSO CHAT domain-containing protein OS=Nostoc sp. T09 OX=1932621 GN=BV372_20335 PE=4 SV=1
MNINQKQRLERQRDSLQDEWNLRNEKLTQLRRALIIEAGAAVKFQLEQQIQAEETELKRL
EQELDNIEQTLSTLNLVKPLAVEQTPSQPNFAQPPITPSQKDQNQSRDLLMKPKKILILA
ANPKQTVRLRLDEELRDIKEGLQRSLNRDNFDLRYDLAVRPRDIRRAILDYRPNIIHFSG
HGVGLKGLSFEDETGKEQLVTGEALAGLFGQFSNQVECVLLNACYSEVQANALVQRINYV
IGMNDAIGDKAAIEFVVAFYDALAAYNREYDSGSPVEFAFNIARNAIELAGVSGESIPVI
KKNPHIIDKTPNSPVVEPRTNRQISGQTKIFICRRLTQDWQDLADYFEIQPHERAGFKTG
REPHSIWEWLEQRNRLGELESALIEIGREDLAQELKKN",">tr|A0A252DUS7|A0A252DUS7_9NOSO CHAT domaincontaining protein OS=Nostoc sp. T09 OX=1932621 GN=BV372_20335 PE=4 SV=1
QTKIFICRRLTQDWQDLADYFEIQPHERAGFKTGREPHSIWEWLEQRNRLGELESALIEIGREDLAQELKKN"
bdld3_32,BV375_01415,A0A252E7F3_9NOSO,">tr|A0A252E7F3|A0A252E7F3_9NOSO CHAT domain-containing protein OS=Nostoc sp. 106C OX=1932667 GN=BV375_01415 PE=4 SV=1
MNINQKQRLERQRDSLQDEWNLRNEKLTQLRRALIIEAGAAVKFQLEQQIQAEETELKRL
EQELDNIEQTLSTTVEQTPSQPNFAQPPITPSQKDQNQSCDFSMKPKKILILAANPKQTV
RLRLDEELRDIKEGLQRSLNRDNFDLRYDLAVRPRDIRRAILDYRPNIIHFSGHGFGGKG
LSFEDETGFEQLVTGEALAGLFGQFSNQVECVLLNACYSQVQANAIVQHINYVIGMNDAI
GDKAAIEFVVAFYDALAAYNREYDSGSPVEFAFNIARNAIELAGVSGESIPELKKNPNII
DKTPNLPVVELPANKQIPGQTKIFICRRLTQDWQDLADYFEIQPHERAGFKPGREPHSIW
EWLEQRNRLGELESALIEIGREDLAQELKKN",">tr|A0A252E7F3|A0A252E7F3_9NOSO CHAT domaincontaining protein OS=Nostoc sp. 106C OX=1932667 GN=BV375_01415 PE=4 SV=1
QTKIFICRRLTQDWQDLADYFEIQPHERAGFKPGREPHSIWEWLEQRNRLGELESALIEIGREDLAQELKKN"
bdld3_33,CLT72_1056,UPI000C70B55D,">UPI000C70B55D
MTAPELIELLGGDSAIALTEWADGAGLTIRVPVPAWRAEAPTGALVSAVLAVHPRTGAQP
VVVKRLASGEKVDLHAHVTAYEECPEAFRPHLARQVRSPLRTAGGRTLLLQSPGSAAVDL
RPMALLSPTATAVACATVIRAVLADWNADRTSRPVTALDLLRMAVPDGAADGRTLVDRRQ
RPASPWVCADGLSMPDPRLLTRDDSPLSGLTLDIVEGRGLGGLHAQDVLLSTATGGAEPD
PFLLVDLTGYQARQPIDRDLVRLLLSVLTPVIARSGDDHGRLLLDLVTDPDRVPPQDGIA
AESAIVRAVYGTAAGVLRREPDPEAWRRQYLLSLVTHGLTFSAHESLGPVVRWWCYRLAG
RAALLLCDTAGGARVPRTAPVVGNPFLPSGAGRIPGPVRGLLASSTVRGLDLRRDPPQGN
RVSYPGWVKVEVCRALCTDWEDLADYLEVPPHERAGFQQGRGAFETWDWMEARFRLGELA
PALRALGRPELADLLDDNERG",">UPI000C70B55D
WVKVEVCRALCTDWEDLADYLEVPPHERAGFQQGRGAFETWDWMEARFRLGELAPALRALGRPELADLLDDN"
bdld3_34,DRR00_01560,A0A496W9H0_9GAMM,">tr|A0A496W9H0|A0A496W9H0_9GAMM CHAT domain-containing protein OS=Gammaproteobacteria bacterium OX=1913989 GN=DRR16_04960 PE=4 SV=1
MRVNITILRPSTYRALKDHLSTRLGYYHIIHLDVHGALLEKNKSVIYLESTEADHRADPI
EATQLAQLLVQHQIPITLLNACESGKQIGLTETSLSGQFMEAGVPLVLAMRYTVTLGAAT
FFMKTLYQHLFGEGEGHNQSNHDIATAIRYARKTLYNNKERRSTYNELIELEEWIIPVVY
QNTPTFSLPLRDFRPDEQTQRDAYDARTFHQNPAPPDQFIGRDLEILEIETQIAQRNSLL
IRGGTGIGKTTLLHHLAWWWQNTYTVDKVFYFSYAEKRITQQQVLQTIAQALFGTEKPQG
TVVNRLIKERHLLIFDALECINKSEQTALHDFLMRLDNGKLLILLGSQQKVKWLAKGTFK
DNVYKLTGIDNTSANILMKSTLKRHNISDRDYDIPNLYSQLEKNPLLLEIAIQAILKKQT
ALLSTLQTAITETDKQGEAKQHSILQAAINFIDNTLTPNEQNLLLCLAPLKFAINTNTLS
EYSQRLQQHTVLANLPFNDWEKVLEKMADWGLLRLYPEVLLQSAFADFLRSRLSEKASLQ
GAIEIAFAQYSDNVSKIDSVTQPKMSNQNDIQTLTPNDKETSLVVSGKIKIQFCRRLGND
WQDLATSLDIPAHRRNQFPQGRECHAIWEWLEERKQLHTLKEALGDLDRQDLVELLNTNN
KVS",">tr|A0A496W9H0|A0A496W9H0_9GAMM CHAT domaincontaining protein OS=Gammaproteobacteria bacterium OX=1913989 GN=DRR16_04960 PE=4 SV=1
KIKIQFCRRLGNDWQDLATSLDIPAHRRNQFPQGRECHAIWEWLEERKQLHTLKEALGDLDRQDLVELLNT"
bdld3_35,DRR00_01565,UPI000F0F5846,">UPI000F0F5846
MSYSGQSKIAFCRRLGNDWQDLATCLDIPAPRRNQFPQGRECHAILEWLEEDDKRLQKLS
EALRVLERDDLLSVLELSQSISHEEVMQEKTTSASTPDNQIDKQRLITLLLDCPSLRDTG
TRSSLLKMLPHHIVDHIKVGNTIKEYVINIVDGCMDFADGLQHLFAAIRFFDEKTIQFQA
LIGEFNLDKDKNETPPPVIGDIEKTITALMAQLHLSPQMRACDEFTQHNQDSLQLIREAM
VQLKQLSPQTPEYGRVSLSVGSALASTGELLQAERLFTQIIENTDKKPERAIAYFNLFQV
QLRREVYPEALENLQAAIAINPHYALHDLQKYPLERLLGAGGMGCVFLCQNHNHSNRLLA
QHERVVVKCFWEHPKARLDEVFKEPFAMRDIAGDYIPEPLDIGYADTIKRERAYFVTAYI
DDAIDGEAWLEKYGPLDLETGLQVGLQIANGLQIAHAAGICHLDLKPANILLNQTNNEIA
VKIIDFGLSQVVPSLQQKAMTMQQSRAGLSQFGQAIFGTLDYACPEQQGFSQYGKPGVLC
DVFAFGMTMSRFFTGKNPRYVRERDLPKVEALRDLLGDCVEQEPKQRPDSAKQLLNDLKV
IKGPDKTEQRQKDEFPQHQIEEGREQQEKKQTYLNDQTFFQKYIQITKKWLQISRYDKRT
ILQIKKQEAKFQEIGISVKQIVIIISLALIGLISVLITSISSTIFDLLNLSLLPDQYKYV
YQPNIYEPNPVRVIDLIISILLSILLIGQYLWRHRQTISHIAMIIGLICIALELYFILAC
FLGGLGLIFGKAFNAGKETLGAIVSIFLPLSLLGQYLLRYRQTIPYSAMVTGLIAISFGI
YLIPLVTLTSLGYGEINGAIYGILLAILFLGQYLWMNRQTIPYIAMIIGLIFIGFGVFFI
PMTIFFLCVTFRKVHKHSYGYLVVYIIGGAISLET",">UPI000F0F5846
KIKIQFCRRLGNDWQDLATSLDIPAHRRNQFPQGRECHAIWEWLEERKQLHTLKEALGDLDRQDLVELLNT"
bdld3_36,EOO73_05625,A0A4Q5XKK3_9DELT,">tr|A0A4Q5XKK3|A0A4Q5XKK3_9DELT Caspase family protein OS=Myxococcales bacterium OX=2026763 GN=EOO73_05625 PE=4 SV=1
MTLLKQETLFSVIDAAIDAGLEYDTLLLSIPREAQASLVRPSTRSTRELYLTLFSQLNEW
GASDRKDPPLRKVMHNMHFLAGARAQASIFQRALSEIDGASSGVHERGELLFMRAKDCYV
ERGYRVVPPPGAPSSLTFQAWRGTSAVSIIGVAAVAPLHAVIDTVKTQLGQLAAWERVEG
CVVLDGNDPNEAEQVRRAGLMPVPYSELAPMGVRELTAFVDRQQAELAQRLAVEENCGDP
SDVCRAVRAALREGPVRVVTVNARNATECARRIVLKLTSDYLRDPARAAPLLLQLPTRPT
LFQDLVAAAFNEHRVPFSRFDFPGLLAEKAFLPVFATDSAHAPWNGPPEETPAREVLARG
GKVVLVTSMKEPVAPHEVAYRWSVPARHVRAFSAGKGPIVVPPVPPPGRTKGGDTSRFER
GRALLVGVAGYARASKLPESVLNDARDLATLLQSPARGGYLDANVELLLDQEATAARFRL
GLQRLAEKTRPDDTVVIFFSGHGLRRADGHGAEAYLLPIDYDPRNLERTALSATELTRLL
AAIQAKRLVVLLDACHAAGAAQLKTGAATATFKSGLDDKTYEALGRGSGRVVIASSRADE
PSCVLPGMKNSLFTAYLLEALSGAAASDDEDFVRVLDVFHHISENVPLRATQHPVLKAQD
VENNFPVALSPRTKRALGSPWESPKRSGDPNANAVASPLPAKARIAIKHALVRRWDDLAD
YFEIPLSDKVKFEHGYGGQRTLEWLEERGRLHELRQAFTHFHWDDLLAELDRHSP",">tr|A0A4Q5XKK3|A0A4Q5XKK3_9DELT Caspase family protein OS=Myxococcales bacterium OX=2026763 GN=EOO73_05625 PE=4 SV=1
KARIAIKHALVRRWDDLADYFEIPLSDKVKFEHGYGGQRTLEWLEERGRLHELRQAFTHFHWDDLLAELDRHS"
bdld3_37,EV371_0866,UPI0010D31353,">UPI0010D31353
MSRCSRCPVPSTFLTLPSSLRRFAANRRDGVQTMAETTHGRLTNPLAWAEVLPEDLFSAL
SEWIRGQAFDLTFHRWFTDGRSGSHVASVRLRPHRGPQHGAILKLVPPHLATAESRAVDL
AAQCTPADFYTRHLVPTKWVGPLPGSSWWLHLQEVAQADVSTMLPLESLVDHADLAAYCG
TIVTALVDGWPGDARSESKSVPPGEFLRADLADKLAGLRDFARLAGLDPRSPAELVRVPG
RADPLPNPFALVFGDGGPADEIEVFRGNGHGDLHPGNILVPVDREIRAADFRLIDLGRFS
PTTPVSRDPVKLLLAIADRWLPGLAPYSALRSSLAELVVDPDRYPRTPPIAGYLEVAEAI
YVAAAGWAIPYGLVKEWARQHRLVLAASALRTVSRGDAGLPERWWYFELAALAVRALGSD
GGSVPVDHTTPPSTPRPALRVDAVPPGSVAPPRLSDRDPTPPPATDGRERPAAPAAETHE
RPAPPAAEGRDRPGGPAGVGGPGPARTGVRPGGSGRDSYSGLTRVHFGRRLGDSWPELAD
LLGMRPDEVDRLPQGREASHIWSWLEVRRRLPELRDALFALDRPDLVNLLDEDA",">UPI0010D31353
LTRVHFGRRLGDSWPELADLLGMRPDEVDRLPQGREASHIWSWLEVRRRLPELRDALFALDRPDLVNLLDE"
bdld3_38,SAMN05421863_1007111,A0A1I4LVS1_9PROT,">tr|A0A1I4LVS1|A0A1I4LVS1_9PROT TIR domain-containing protein OS=Nitrosomonas communis OX=44574 GN=SAMN05421863_1007111 PE=4 SV=1
MEFFQHAVMTMNSTIKIFISYSHQDAHYLQPDSLLGFLKGLEREGIEFWTDREIKPGELW
DQVIKNQIQTCDIALVLISQGFLDSDYCHNVEIAHFLAGTKYLFPVILSPCNWKRHDWLA
SRQFLPGGDMTVEEHYREAGERKRLFLAIREGLMERAQLIRQQKSSPHIPPSPPPISMTG
KAKIAFCQRLGEDWKLLADYLEITPAEQNRFATGDEGRHIWVWLDNRGRLHELPGMLTDI
NRPDLARIFTSAPE",">tr|A0A1I4LVS1|A0A1I4LVS1_9PROT TIR domaincontaining protein OS=Nitrosomonas communis OX=44574 GN=SAMN05421863_1007111 PE=4 SV=1
KAKIAFCQRLGEDWKLLADYLEITPAEQNRFATGDEGRHIWVWLDNRGRLHELPGMLTDINRPDLARIFTSAP"
bdld3_39,NCTC11373_02572,UPI000D9E0548,">UPI000D9E0548
MKLPARGRLQSSVCRSATLTVELDGVTVGFLDGAIMIYSPATRAAFRQRLGPSWRDLADF
LDIPSYESAQFLSGDEPRAIWDWLKNRDALWRLPKALQAIGRSDLASLLDSEQSADKLER
PAAQDNDSPPVSQPGNTAISTSGEAGGAEPQFPTKEIGDEEPKANDHQSATDIADDDLRT
LIALLKKSPRRPEGDFPPAGKEIIDLLRRSVRLIAPLYNIYPVSYGAFTARQIDNPVVLA
TVLDRVAPDRAASILERLPPQVATEVLVEMNYSNMVATLHHIPRFFRQAILEFLESRVGG
T",">UPI000D9E0548
ATRAAFRQRLGPSWRDLADFLDIPSYESAQFLSGDEPRAIWDWLKNRDALWRLPKALQAIGRSDLASLLDSE"
bdld3_40,EA420_17215,A0A8B5WS54_9GAMM,">tr|A0A8B5WS54|A0A8B5WS54_9GAMM FGE-sulfatase domain-containing protein OS=Candidatus Competibacteraceae bacterium OX=2053538 GN=EA420_17215 PE=4 SV=1
MQALAGKTILQLRKRLGEDWPDLALYFDIPRERCKGFAPGRECDGVVAWLKEQERIGELT
EALAAVDRDDLIPLLEITPSAVSQAAALTWPRSPFPGLRRFNPEDAPIFFGRHREIKGLL
RKLADPTHRFIAVLGASGSGKSSLVAAGLIPRLQANAIAGSQDWPWLEFTPGGAEGDPYP
ILTARLEPLLQSQGWRGPEILKTLRAEQGYGLIELAEQVLADRPAHAELLLFVDQFEELF
TLTREALRQPFVQLLTTTVRSPRVRVVVAMRADFLHRCLEYPGLDRLLSANAYFLGPPGP
GALYEMMTGPAARAGLEFEEGLVERILEETGTGSGALALLAFALHELYESRAGDGRLTHQ
AYQRFGGVQHAISQRAESTFQRLDSGVQAELAKVFRELVQVDERGVATRQRALLSTIAVS
SAASELIDRFVDARLLVREPGEDGLPVVDVAHEALFRTWPRLKQWIQDTADDHRLRRQIT
QLAAYWHDHDRQAEHRWPDERVVEVVAMREHLKLEPKDFTPLERDFLGPLDRDPMRAALD
DPATTHEERAIIGVRLSLLGDPRPGVGLRADGLPDLVWCAVPGGAVTLEENAGAFTVEPF
HIAKYPVTYRQYHAFLDADDGYHNPEWWRGLRLDHPPEKPGRQLQRYDNHPAENLAWLEA
VPFCRWLSARLGYEVRLPTEWEWQQAATGGDPANEYPWGPDWDGRCANTYESDLSRSTAV
GMYPQGASPVGALDMSGNVWEWCLNEYEQPRNVAPAGDARRVVRGGSWNGNQPYARAAFR
YGFAPVNRGSSLGFRRARASPI",">tr|A0A8B5WS54|A0A8B5WS54_9GAMM FGEsulfatase domaincontaining protein OS=Candidatus Competibacteraceae bacterium OX=2053538 GN=EA420_17215 PE=4 SV=1
KTILQLRKRLGEDWPDLALYFDIPRERCKGFAPGRECDGVVAWLKEQERIGELTEALAAVDRDDLIPLLEI"
bdld3_41,EA420_17220,A0A8B5WX07_9GAMM,">tr|A0A8B5WX07|A0A8B5WX07_9GAMM Toll/interleukin-1 receptor domain-containing protein OS=Candidatus Competibacteraceae bacterium OX=2053538 GN=EA420_17220 PE=4 SV=1
MDPNIFISFSHKDKSYRDELVPALEAVAAIRDRVWFDQKFIDIGDRFHPEIQRALAESKV
GILLVSSHFLTSDYITRHELPFLLRQAERGALKLGILHASTVAKAALAIPVEIDGRSRTV
NLADTIGVNGPDQPLDRMSPGERNALYARAADWAARQMTAPPSPPTPPVVGKAERTVVVA
ANPTPPKSLPGPVQITLCQRLGEDWANLAVYFDIPPDRRRSFAPGRECHDILVWLKERDQ
MDRLPEGLAGIDRPDLVELLNQLLSQTP",">tr|A0A8B5WX07|A0A8B5WX07_9GAMM Toll/interleukin1 receptor domaincontaining protein OS=Candidatus Competibacteraceae bacterium OX=2053538 GN=EA420_17220 PE=4 SV=1
PVQITLCQRLGEDWANLAVYFDIPPDRRRSFAPGRECHDILVWLKERDQMDRLPEGLAGIDRPDLVELLNQ"
bdld3_42,FRAQA3DRAFT_RS06645,I9KCY2_9ACTN,">tr|I9KCY2|I9KCY2_9ACTN WD40 repeat-containing protein OS=Frankia sp. QA3 OX=710111 GN=FraQA3DRAFT_1388 PE=4 SV=1
MSHLYSSQTKVEFAHRMGPGWTDLADLVGMSPFERGRLERGDQARGIWEWLDARGRLGAL
REALSTIDRDDLVELLDADRPSPVEAVADESPAQVVEPRGTSAWTLQEDTDLDTHWLPRA
RGADPDSAGDGWYFSGRRVAVARITEFLTGPTARRSPLVVLGEPGSGKSSLLAHVLVLAD
PELRRKMPRRYRTAGTRRLVGTRRLVGAVDVAVRATGKTVGHVVAELARAARVESTDQDH
LVAALHRQQGGFHIVIDGLEEAERDHIRQIATLLIRLSRDPDRRGIRVVISVRRAPDGTT
LDDITKLVLGATADSMLEVDRAPYLEFADVVHYVRSRLDDSGTARPRSPYVGHENLAGRV
ASAVVTRAGGNFLVSQLAGRNLVDRDERVDVTRHRWWATFPTDVEGAMDQYIARFGDENR
QRYVRELLAPLAFALGDGLPDNDLWTTAANVLSQPAHRYSTTDVHTILDESATYLVASDR
TDRRTYRLFHDALAQYLRNRCRKRNAEAMLVRAWRSVVPPAPDGHLDWDAADPYLTAHLA
QHAAQADQLDSLVTDLRFVATADPVGLIPALARVRTDIGGRVARAYRRLPQTTSDSAHRA
ACLALSAQQLGDVALRDSFVSCGLTLPWTVTGGAWRTPDEHEVAAQLEDGTTAATLLRGN
DGSVVVVSGDRDSRLRVRELIGVIAYPLPGDAAHSPSVPIAAVTGTQLADGRHLLCSAGR
DGSLRLWHLDAGLLVPFGAMAHGAAQAVELAALTLQTGPLLAVCDVVGALTLAGVNADGT
LRVLARGERPGVRHVALFLAGDVPVLVGATSDGHAALFRPDGQGGFQVEPLGVAGRWSIG
SVATVSDGETATVALGTGGRELYLYQSTSGPARLVGTGSGVTTSGISALAFVPRTADTAN
GGILIGDGDGMVHYWVFDDDGNLTVRRRGRPHQDEVIALSVVRTETGTMGVSYGRDGKVA
VWPLSGTPVPPNTQQHDIDIAGASAGVTSVSVLRRVGSGAERWTLGPEDQLVEWPLPGPT
EGVMVTGTVDGNGNLRAFRADLVTRPAKPGSRRRPILIHPFRAFAISTIDGELVTLALKH
DGSLEVSGPHGATSRTVQTGVRNAISISVGDAADGTPVVTCGDVDGVVRLRAWAELDDWD
AAPTWPLGQADTCTAVSGDLLLTGDAAGAVRLWSLRTSIPRPYGESAVSHATPVTAVALS
VVDGTGFAVTGDRVGTVLITPVGEDGLQEQPLHRIALGSRVLSIAVVGRRKVLIWCRQGA
LVLAWPDH",">tr|I9KCY2|I9KCY2_9ACTN WD40 repeatcontaining protein OS=Frankia sp. QA3 OX=710111 GN=FraQA3DRAFT_1388 PE=4 SV=1
QTKVEFAHRMGPGWTDLADLVGMSPFERGRLERGDQARGIWEWLDARGRLGALREALSTIDRDDLVELLDA"
bdld3_43,FRAQA3DRAFT_RS06655,I9KD35_9ACTN,">tr|I9KD35|I9KD35_9ACTN APH domain-containing protein OS=Frankia sp. QA3 OX=710111 GN=FraQA3DRAFT_1390 PE=4 SV=1
MTTEPDAVSRAALSGLLGADAAAALIAWGEREALTVQVPADAWKNGGYTAAILAPVYVTD
TCTGTQLVVVKCLPPEQSAETDAHGTAIHECPAEFRQHLVEQLYPPIATAGGRTLMFQSQ
AGTSSEWRPLAELPPRRLAAACEAVTRSLIADWNPDRQVRTTGAVDYLRGEVDKARSLGR
QTLGQGAVAHLPWVRTGEDLPMPNPLLLHTGESLLGEFQIDLVVGRAHGDLHGQNVLLRQ
YADHAEPDTFVLVDLMTYESRCPLDRDLVTLLLSAISPLLADASDRQRRLMLDVMVDQQA
PCDEIAPAFGATVSAVWRTADDALRRCGREVWRRQYLLSLIAHGLIFTTFDDLGPDRRWW
YYRLAGYAARELLRAVDAAPVPDQVPVVSNPFTSPVSPGGSDQIDIPASGGLLSSTEVRG
LDLGGAGRIGRREVSYSGPVKVRVCQGLYAEWPELADYVGVPAWEKARFKAGRGASEVWE
WLERRFRMDELAPALRELGRPELADILDRDLTG",">tr|I9KD35|I9KD35_9ACTN APH domaincontaining protein OS=Frankia sp. QA3 OX=710111 GN=FraQA3DRAFT_1390 PE=4 SV=1
PVKVRVCQGLYAEWPELADYVGVPAWEKARFKAGRGASEVWEWLERRFRMDELAPALRELGRPELADILDRD"
bdld3_44,IH26_RS0125970,UPI0004C3CFE6,">UPI0004C3CFE6
MSEFRFSGKSRVRFQQDLGPSWKDVADYFQVEPHVKARWRPGDEPSELWDFLQARRRLGE
LPAALAEVGRQDLVTVLEPEPALPPPPRRRIFVLVAAAAVLVLAAAAGLIVWQWPRDRTA
PGPVRLVVRPAPTATTWGTALTCPAHTQWPFSFPRDFVGDVYVQFTADARRTVNVHATLY
WGGLTWSQTVPSRPGDMAERVGGTLLVFQKRTIDRGSPAVGSFETDVPVCATFGTASGTT
KPAPGVTFQTPRWS",">UPI0004C3CFE6
KSRVRFQQDLGPSWKDVADYFQVEPHVKARWRPGDEPSELWDFLQARRRLGELPAALAEVGRQDLVTVLEPEP"
bdld3_45,NSERUTF1_RS23480,UPI00051A3919,">UPI00051A3919
MAKRAIGIWNPSYVFLTGIAGGARAGVDGLRLGDVLVPEQVVGYELAKVTASGTAPRYQV
YRPDKRLLDAARDVPPDRWAGRVSIARPDDTISDPAVHFGSVLSGEKVVADRDYLDDLRG
AWPKAIGVEMECLGVALAAYDSGPGFGMAKAVSDFGEESKNDAWQAYAAETAARFTVAVL
GSMQAPPRGRHHQSRPVGAVTTFPGPAKLAVCRRLLDDWKEVADYFEVPPHGRARFGRGD
EPRELWAWLEIRDKLHELPDALVEIGRGDLSRLLRDEAP",">UPI00051A3919
PAKLAVCRRLLDDWKEVADYFEVPPHGRARFGRGDEPRELWAWLEIRDKLHELPDALVEIGRGDLSRLLRDEAP"
bdld3_46,HC643_RS13555,A0A0C1N6U8_9CYAN,">tr|A0A0C1N6U8|A0A0C1N6U8_9CYAN PNP_UDP_1 domain-containing protein OS=Tolypothrix bouteillei VB521301 OX=1479485 GN=DA73_0217790 PE=4 SV=1
MHSEELKEFLIKIERLQSIMITVATRNSNIYEEEHYAELYQEVELSIEVMQENGLVISNP
NPFSSLTKLYEYCLSHLNGSAWRHQRIRYIYEIYLNLFGQIEEFLSRQQLEILPSNDIST
FTISQIEETQKRISQLQAIMIEVATKKARVQDEEELYVQIYQDTNLKINHLKLLNLSIKN
PNIFRSLWHLQAYFYTEVDLETSASRKQYVLELYANVVSILKKVLQKYRLKATSQNKLFQ
ESKLYFTKEQPTPSYNFEFTSQIEDIKALNNSPTQGVSSNTDTHNVQFGFIDKLPEKKFS
PIFITDSDISSTSAETITDVLILTALQKEQDAVLRYLDSPRKVQTSSQTFYRAALKTQKI
DTVYQLVILCLPSMGNLQAAVITQRAITQFNPSHIILAGIAGGVQKQSSRYLGDIIVGEQ
IVYYELGKQTQHEQGGSEIKRRYEVYRPGKVLLEAAKSLPIQNWVMSVKTSRPDGTTGRV
IPQVHFGVVASGEKVITDPSLINELQSDWSKLVGIEMEGAGVALAAYESNFLPGFFLVKG
MCDWADGSKNDAWQEYAADAAAAFVMELLKSAPFESKLRLEPLNSQKPLQSVEKVNKRSL
GQIKMIICQRLVHDWQELADYFDIPPHQRAVFNRGREPQGVWEWLEQRNKLSELKTALEV
IGRNDLIKELNQ",">tr|A0A0C1N6U8|A0A0C1N6U8_9CYAN PNP_UDP_1 domaincontaining protein OS=Tolypothrix bouteillei VB521301 OX=1479485 GN=DA73_0217790 PE=4 SV=1
QIKMIICQRLVHDWQELADYFDIPPHQRAVFNRGREPQGVWEWLEQRNKLSELKTALEVIGRNDLIKELNQ"
bdld3_47,RIV7116_RS11765,UPI0005C7A834,">UPI0005C7A834
MNNNTIKYSGRVKTIICKRLTNDWQDLADYFDIQLHEREGFRSGRQAHGVWEWLEQRDRI
GELESALNDIGRDDLVEELKKKLVDGESTSLCLAKLFNVPKLPDNFLPRDEQLQPLKQKV
LSHTNQPVGITSTTRRVGLQGMGGIGKTVLATALARDEDIRKKFFDGIFWITLGQRPKLL
DWQLYLSETLGDNQATFTEISFGKAKLKQLFADKSCLLILDDIWNLNHATTFDVLGEKCQ
MLVTTRDASIITSFGAVRHELAVLSQEQSLTLLADWAGYKDNTLLPPEANQVVEECGNLP
LALSMVGAMLRGKPNLWGNVLQKLLPC",">UPI0005C7A834
RVKTIICKRLTNDWQDLADYFDIQLHEREGFRSGRQAHGVWEWLEQRDRIGELESALNDIGRDDLVEELKKKLV "
bdld3_48,IH26_RS0125965,UPI0006897D13,">UPI0006897D13
MHDVDSLIIAAVPEEFTAAREAAERLAGTTWARRDGATAEPYLLGRFGDLTVALARPPGM
GSREGGQFVATLAGRVRPRSLAMCGVCAGHPDETALGDVIVAELAYQYDEGKQTSTSFRP
DHRQYLLSAAWKRAAQDFDPAGLPSHRAATPDDGDTWLLSRIRQGRGYLDHPANERFPDT
PSERLDRLIAAGLVTDGRLTPAGVAELERRARRPAQLPYVVRVGPMASVNQVRQDDLWTE
IENHGVRKILAIEMEAATIATAAFQRDLRWLVVKGVMDHAALDKNDGVQEFAARASAEVM
FGLLAGFRPAAGPGSRAAVPGKIKVDVLRGLLGDWRDLADHLGVPPHDTFRFGAGDQPRQ
LWEWLEIRRRLGELPAALDGIGRTDLADLVRPYL",">UPI0006897D13
KIKVDVLRGLLGDWRDLADHLGVPPHDTFRFGAGDQPRQLWEWLEIRRRLGELPAALDGIGRTDLADLVRPY"
bdld3_49,IH26_RS0141600,UPI000690719C,">UPI000690719C
MTHVDVLIITALPEEYDAVKGLLGPSAWTDHGTGGSQPFATAAGRGPSVALARPTAMGGR
STAPIALALTDRLRPTCLAMSGVCAGRPGAVAPGDVIVAAPAYQWDEGKYVGAAFHPDNQ
QFPLDSRWVRTVQEFDPSGLPSHGTADDEEAKVWYLERLLRGQDPRKHPARERYFPRTTW
PARLGQWEGEGLIAWRDGALALTGTGRTFIERTLYVDVDGPDRLPFVVRPGPMASGGAVM
ADPETWNRLEVNQRKILALDMEAATIATVASERRVPHWLVAKGVMDHADLEKDDRFKAFA
ARASAEVLLALLELLLTPGAAPPPPRPAGGVVPGPVKVQVLRRLTYDWQDLADHLGIPAW
EVRRFRAGDEAHGVWTWLETRDRLADLPGALDGIGRADLAGLVRPHFTPGRAP",">UPI000690719C
PVKVQVLRRLTYDWQDLADHLGIPAWEVRRFRAGDEAHGVWTWLETRDRLADLPGALDGIGRADLAGLVRPH"
bdld3_50,NSERUTF1_RS23475,A0A0B8NMN4_9NOCA,">tr|A0A0B8NMN4|A0A0B8NMN4_9NOCA NPCBM domain-containing protein OS=Nocardia seriolae OX=37332 GN=D6158_30110 PE=4 SV=1
MTGPGEWRLLFHRRLGDSWRELVIVLGVASHETARFPPGDEADRILKWLEERCRLGELPD
ALRRIDRPDLAAVFDGVDFLGERSDGYTDGHARLLTATLEPIRPGPDLFFRSATLNGTHY
GDSVVHKCAYFCRDIRSSVSYDLGGRYRSFESVVGVLDEAEEDDQTGYFQVFLGKSAAPT
VAAKHGAPERIRLDVTGVLRLRLVAYRSDAIGNPILVGAGQVVGKSARLAALAWGDPTLF
E",">tr|A0A0B8NMN4|A0A0B8NMN4_9NOCA NPCBM domaincontaining protein OS=Nocardia seriolae OX=37332 GN=D6158_30110 PE=4 SV=1
EWRLLFHRRLGDSWRELVIVLGVASHETARFPPGDEADRILKWLEERCRLGELPDALRRIDRPDLAAVFDG"
bdld3_51,TOL9009_RS39910,UPI0004AEB6B6,">UPI0004AEB6B6
MSNNPTVKKILILAANPKNTVRLRLDQEVHDIKKGLQSAKERDNFILQQEGAVRPQDIRL
AVLDFRPNIIHFSGHGSETEGLSFEDEVGKEKFVTAEALAEFFKLFAKDVECVLLNACYS
EVQAKAIAQHIDYVIGMNEAIADKAALEFAVGFYDALARYNPQSDGDSSIEFAFNVARSS
ILLAGVSGASIPVLIKNPNLKPKDTTILKRMNPTIIRYSGKAKNYICQRLVDDWEQLADH
FDIPKHQKNSFERGKEPNRVWEWLEQRSRLGELEVALSDIGRDDLVEELKKN",">UPI0004AEB6B6
KAKNYICQRLVDDWEQLADHFDIPKHQKNSFERGKEPNRVWEWLEQRSRLGELEVALSDIGRDDLVEELKKN"
bdld3_52,BM122_RS04970,A0A1I4LUX9_9PROT,">tr|A0A1I4LUX9|A0A1I4LUX9_9PROT Putative serine esterase OS=Nitrosomonas communis OX=44574 GN=SAMN05421863_1007107 PE=4 SV=1
MAELLPISGCDETDRELDLIFVHGLNGNGYTTWQKDNDPNNFWPRWLGEDHPNIGVWSLE
YEVSASDWNGHSMPLYNRARNSLELFDLKNIGHRSIGFVCHSLGGLLVKEILKLANESNY
GSWKPVAEQTRFIVFLSTPHSGANMANWINYIGKLLRTSVSVHELEANNPQLLELNNWYR
SNAERLKIKTYVFFENLPTHDILVVNEASADPGITGVHPIPLDADHSTICKLDKKSGHVY
ERISQLLNETLSSIKKINSTSLSNTPVQEKTNPNFNPYHASSNHAFPGSLKLAFCERLGH
SWRELADILEIRPSEQARFQQGLEPKAIWEWLEQRKRLTELPSALRRIDRHDLAEEFDRS
RPN",">tr|A0A1I4LUX9|A0A1I4LUX9_9PROT Putative serine esterase OS=Nitrosomonas communis OX=44574 GN=SAMN05421863_1007107 PE=4 SV=1
SLKLAFCERLGHSWRELADILEIRPSEQARFQQGLEPKAIWEWLEQRKRLTELPSALRRIDRHDLAEEFDR"
bdld3_53,BM122_RS04980,A0A1I4LVD6_9PROT,">tr|A0A1I4LVD6|A0A1I4LVD6_9PROT Formylglycine-generating enzyme, required for sulfatase activity, contains SUMF1/FGE domain OS=Nitrosomonas communis OX=44574 GN=SAMN05421863_1007110 PE=4 SV=1
MKALQAMTKYNGKQKIIFYNNLGNNWQELADYFEIPNRHQKQYPQGDEAREIWAWLEQNA
RLDQLEPALKDIGRPDLAAKIHSSGTLESSPEPKKISGTCPYIGLRAFTEDEAVLFFGRE
PEINALFDKIITGRFLAVIGASGSGKSSLVRAGLLPRLRQTENSRGWEWLRFTPGEVGDN
PFMALSAALKPVLEKLGMTPREMATQLQQRGNIDEIAEKYQLQRPSATQLVLFIDQFEEL
FTLVDENYQQRFIQLLDQAIQSPYLRIILTVRADFHEHCLNYTALARLINCGAWHLASPD
ISSLSQMIVEPAKVAGLQFESGLVGEILRDTGTGSGALALMAFALEKLYLACFPNTTLTL
QAYRHMGGVSLAIGRYAEEVYRNLEPPAQNALSDVFAELVTVDSERRVATRKRADFATVA
KTAAARQLIDAFIEARLLVKNTINEIDAQMHSCATKIIVEVAHEAVLTHWDLLKEWIDVR
LNDFCLLRQVELETTEWLRNNQSDANLWPHERLQQVYAMQQKLQPRLSAQALDFIRPEAE
RLLEKLNDSALTHQQRERIGMRLADIGDPRPGVGVDAAGLPQVEWCKVPPGRIVLENDAG
TFNVDAFFIGQYPVTYKQYRAFLEAVDGYPDERWWIDLQHAPEPGEQYQTVDNHPADRVS
WFDAIAFCRWLTFKLGYAIRLPSELEWQQAATGGCTENVFPWGPVFAPMYCNTFESGLGR
TTAVGLYPQGGSPVGALDMSGNVWEWCANCYHAPEATDATRNACQVVRGGSWINYRVVRG
GSWINYQEESCAVFRFRYTPGDRNRSLGFRLACSSPIIRTPEH",">tr|A0A1I4LVD6|A0A1I4LVD6_9PROT Formylglycinegenerating enzyme, required for sulfatase activity, contains SUMF1/FGE domain OS=Nitrosomonas communis OX=44574 GN=SAMN05421863_1007110 PE=4 SV=1
KQKIIFYNNLGNNWQELADYFEIPNRHQKQYPQGDEAREIWAWLEQNARLDQLEPALKDIGRPDLAAKIHS"
bdld3_54,BM122_RS04985,UPI00094281CE,">UPI00094281CE
MHAVFADFLSGVFLDGAYDLFLFMEFFQHAVMTMNSTIKIFISYSHQDAHYLQPDSLLGF
LKGLEREGIEFWTDREIKPGELWDQVIKNQIQTCDIALVLISQGFLDSDYCHNVEIAHFL
AGTKYLFPVILSPCNWKRHDWLASRQFLPGGDMTVEEHYREAGERKRLFLAIREGLMERA
QLIRQQKSSPHIPPSPPPISMTGKAKIAFCQRLGEDWKLLADYLEITPAEQNRFATGDEG
RHIWVWLDNRGRLHELPGMLTDINRPDLARIFTSAPE",">UPI00094281CE
KAKIAFCQRLGEDWKLLADYLEITPAEQNRFATGDEGRHIWVWLDNRGRLHELPGMLTDINRPDLARIFTSAP"
bdld3_55,GL308_RS29360,A0A3F2UDE6_9NOCA,">tr|A0A3F2UDE6|A0A3F2UDE6_9NOCA PNP_UDP_1 domain-containing protein OS=Nocardia seriolae OX=37332 GN=D6158_30105 PE=4 SV=1
MRKSRYVAKRAIGIWNPSYVFLTGIAGGARAGVDGLRLGDVLVPEQVVGYELAKVTASGT
APRYQVYRPDKRLLDAARDVPPDRWAGRVSIARPDDTISDPAVHFGSVLSGEKVVADRDY
LDDLRGAWPKAIGVEMECLGVALAAYDSGPGFGMAKAVSDFGEESKNDAWQAYAAETAAR
FTVAVLGSMQAPPRGRHHQSRPVGAVTTFPGPAKLAVCRRLLDDWKEVADYFEVPPHGRA
RFGRGDEPRELWAWLEIRDKLHELPDALVEIGRGDLSRLLRDEAP",">tr|A0A3F2UDE6|A0A3F2UDE6_9NOCA PNP_UDP_1 domaincontaining protein OS=Nocardia seriolae OX=37332 GN=D6158_30105 PE=4 SV=1
PAKLAVCRRLLDDWKEVADYFEVPPHGRARFGRGDEPRELWAWLEIRDKLHELPDALVEIGRGDLSRLLRDEAP"
bdld3_56,AOQ36_RS28625,UPI0009E5A437,">UPI0009E5A437 status=inactive
MFVRHCRTGPCRVFPCGRIGCLTTVALGAQPISTIACCEGSVTGYSGAMSQSTAADPAIA
IDVVVLTALEMERVAVVRALGDCAEYPWRGSKLARAALGDMNVLVVPLEGMGNTNSAYVA
KRAIGIWNPSYVFLTGIAGGARAGVDGLRLGDVLVPEQVVGYELAKVTASGTAPRYQVYR
PDKRLLDAARDVPPDRWAGRVSIARPDDTISDPAVHFGSVLSGEKVVADRDYLDDLRGAW
PKAIGVEMECLGVALAAYDSGPGFGMAKAVSDFGEESKNDAWQAYAAETAARFTVAVLGS
MQAPPRGRHHQSRPVGAVTTFPGPAKLAVCRRLLDDWKEVADYFEVPPHGRARFGRGDEP
RELWAWLEIRDKLHELPDALVEIGRGDLSRLLRDEAP",">UPI0009E5A437 status=inactive
PAKLAVCRRLLDDWKEVADYFEVPPHGRARFGRGDEPRELWAWLEIRDKLHELPDALVEIGRGDLSRLLRDEAP"
bdld3_57,BV372_RS20170,A0A252DV87_9NOSO,">tr|A0A252DV87|A0A252DV87_9NOSO Hydroxyacid dehydrogenase OS=Nostoc sp. T09 OX=1932621 GN=BV372_20170 PE=3 SV=1
MKLILPIEVADDIKPHLPTDIKFIRADIDGNIDGDATDAEVYFSWLYYLKPTTLHKVLDA
APKLRWHQAPNAGVNNILTPQYLERDIILTNGAGIHAIPIAEFVIAYMLSYAKHLPKLYE
LQTQKSWQRGFRNEELQDKTLLIIGAGGIGQEIAKRAKAFGLTIFGSRRNPQPLPNFDKV
VGANEWKPLLSEAHYVVIATPLTKETKGIIDAEVFSLMRPDAYLINIARGAIVDEPALLK
ALQEGEIAGAALDTVFTEPLPLESPLWTQPNIFITPHCSGHSPRTKERAIALFLDNFTRY
YNGQPLRNLVDKNAGY",">tr|A0A252DV87|A0A252DV87_9NOSO Hydroxyacid dehydrogenase OS=Nostoc sp. T09 OX=1932621 GN=BV372_20170 PE=3 SV=1
ALDTVFTEPLPLESPLWTQPNIFITPHCSGHSPRTKERAIALFLDNFTRYYNGQPLRNLVDKN "
bdld3_58,BV375_RS01380,A0A252E7A0_9NOSO,">tr|A0A252E7A0|A0A252E7A0_9NOSO Glutathione S-transferase OS=Nostoc sp. 106C OX=1932667 GN=BV375_01380 PE=4 SV=1
MVRILYYAQRSPYARKVRIVLAEKQLPCELKETDINNKSREFLSLSPIGKVPVLVDENGL
VFWDSTLIVEYLDETYPQPSFYPSDRIERLCCRQGEELADSLIDNVVGLWYETRKGNQAD
FDTQAKYQSNINRVLGVFEQKLTVSAYLFNETLSAVDVAAISGLGYYSLRFGNNWQQEYP
KLSQWFEVLHQRQSVYSTMPKA",">tr|A0A252E7A0|A0A252E7A0_9NOSO Glutathione Stransferase OS=Nostoc sp. 106C OX=1932667 GN=BV375_01380 PE=4 SV=1
EQKLTVSAYLFNETLSAVDVAAISGLGYYSLRFGNNWQQEYPKLSQWFEVLHQRQSVYSTMPKA "
bdld3_59,BV378_RS11765,A0A252DI87_9NOSO,">tr|A0A252DI87|A0A252DI87_9NOSO DUF1643 domain-containing protein OS=Nostoc sp. RF31YmG OX=1932668 GN=BV378_11765 PE=4 SV=1
MEKTAIIDGSYRYLLKRVWDVNNPQITFIMLNPSTADAEKDDPTIRKCIKFANSWGYGSL
EVVNLFAYRATKPRDLFQVSEPIGSDNNLYLLAAAERAKLIILAWGIHGSFLKRDRTVLN
LFSSRQCLYCLGRTKAGHPRHPLWLDSSTQPTIF",">tr|A0A252DI87|A0A252DI87_9NOSO DUF1643 domaincontaining protein OS=Nostoc sp. RF31YmG OX=1932668 GN=BV378_11765 PE=4 SV=1
DPTIRKCIKFANSWGYGSLEVVNLFAYRATKPRDLFQVSEPIGSDNNLYLLAAAERAKLIILAWGIHGSFLKRDRTVLNLFSSRQ"
bdld3_60,FLV43_RS07510,UPI000B7EA5E5,">UPI000B7EA5E5
MQRISGPQRVMFSRRLGHDWRDLATYLEIPDYEQGFAEGAEGQDILTWLEQRGRLHEVLA
ALNDIGRSELAEILQVQSPPSPGPDAVTPSWPGRPYPGLCAFSSEEAPIFCGRDRHADAL
VERLKDPQHRFVAVVGASGSGKSSVVAAGVLPRLQQGAIPGCANWIVLEFTPGGPANDPF
HALSIHLEPWLRHQRLRARDIDQKLRVSGGLSELVQQALGHREHAELVLFIDQFEELFTL
CDESCRQPFINMLFQAASISRLRIIITLRSDFSAQCIQDDKLASLLNAGFYALPPPGIAE
LYAMITRPAALAGLRFEPDDLPWRILDDTGTEPGALALMAFALAELYEALTPEGVLTLDA
YERFGGVSGVLGKRADETYDALPAASQDALGTVFKELVEVDAERGVPTRKRSALQHFGPN
RAALDLIKVLTEARLLVCSSPEHGEPMVEVAHEALLLHWGLLSDWIEERFDDFRLLRQVK
LAAAEWERYQRSSYYLWRHELLVPVAKMLNRLQPVLSPVERAFVRLESERLLEQIDDRNT
SHQERVKIGDRLADIGDPRPGVELNEDQLPDLVWCEVPGGEVALEDNAGTFDVAPGYISK
YPVTWAQYRCFLQAGDGYANAGWWEGLAEREEEPGEQYRELDNHPAEMVSWYDAVAYCRW
LSAKLGYEIRLPTEWEWQQAATVGDPSRKYPWGTNWEAERANTYESRLGRTTAVGMYPRG
ASLVGALDMSGNILEWCLNLHADPSDTDLSSSSGRVVRGGSWDDDPLFARACFRYRYFPA
SRLGDLGFRVWWSSPIRF",">UPI000B7EA5E5
PQRVMFSRRLGHDWRDLATYLEIPDYEQGFAEGAEGQDILTWLEQRGRLHEVLAALNDIGRSELAEILQV"
bdld3_61,FLV43_RS07515,UPI000B7D38A2,">UPI000B7D38A2
MEDVHRIIKVFVSYSHQDAKYLDNNSLLGYLKGLEDEQIAFWTDRQIQTGELWDEVIKAQ
IQDAHIALVLVSQSFLDSKYCQDVEIRGFLASKSYLFPVILSACEWRRHEWLSSRQFLPG
GDETLEEHYTDSGQRKRLFLKIRQQLRDRAEQLRQAPPSAAGTTSPIASQTAPSTQTTPT
YSGPTKLAFFRQLGHDWRDLATVLGIADYDQRRFERGEEGRDMWVWLENRQRLAELPQAL
IDMGRPDLAELLRREP",">UPI000B7D38A2
PTKLAFFRQLGHDWRDLATVLGIADYDQRRFERGEEGRDMWVWLENRQRLAELPQALIDMGRPDLAELLRREP"
bdld3_62,FLV42_RS28560,UPI000B7FC492,">UPI000B7FC492
MPAMPVKVIVTYSHHDVAYLGDDSLLGYLKELEQENVTFWTDRNVGVRESWDEVIKANIQ
DAHIALILVSQSFLDSSYCTNVEINYFLARKVHLIPIILSPCNWQRYGWLHSRQMLPSGG
ESIEEHYTDPGRRKQLFHDIRKQLRERVEFIRQTGAALASELAYAGKPQIDFLHRLGHSW
QELADYFDIPVYDQARFERGEEGRRIWVWLENRKRLHELPKALALINRNDLVQVLYSEP",">UPI000B7FC492
KPQIDFLHRLGHSWQELADYFDIPVYDQARFERGEEGRRIWVWLENRKRLHELPKALALINRNDLVQVLYSEP"
bdld3_63,GA0070216_RS32615,A0A1C5AWF9_9ACTN,">tr|A0A1C5AWF9|A0A1C5AWF9_9ACTN Phosphorylase superfamily protein OS=Micromonospora matsumotoense OX=121616 GN=GA0070216_13519 PE=4 SV=1
MHNNGIFVGRDMSVSQGHVTNVGEPGAQRQRRHGVDVLVITALAEEYDAVKQVLGSFPWE
DHGTGGLEPFATTNTGGLSVALARPTAMGGRSTAPIATALTERLRPACLAMSGVCAGEPG
ATAPGDVVVASPAYQWDEGKYVGDSFRPDYHQMPMDGRWLRAVQNFDPSGLPSHGTATDE
EAKVWYLERLLKGQNPRKHPARRRYFSRSAWEARLARWESEGLIAWRDSALALTEKGRTL
IERALYIDVDGPERLPFVVVAGPMASGSAVMADPETWNRLEVNQRKIQALDMEAATIATI
AHDRQVPHWLVAKGVMDHANLDKDDRFKEFAAQASAEVLFALLEELLKPAAASASAARPV
GAVPGSVKKEVLRPLTYDWQDLADYLGIPSHHVRRFRAGDEAYEVWGWLESRDRLGELPD
ALESIGRGDLADLLRRHL",">tr|A0A1C5AWF9|A0A1C5AWF9_9ACTN Phosphorylase superfamily protein OS=Micromonospora matsumotoense OX=121616 GN=GA0070216_13519 PE=4 SV=1
SVKKEVLRPLTYDWQDLADYLGIPSHHVRRFRAGDEAYEVWGWLESRDRLGELPDALESIGRGDLADLLRRH"
bdld3_64,CA733_RS03310,UPI000BBC0149,">UPI000BBC0149
MKPKKILILAANPKQTVRLRLDEELRDIKEGLQRSLNRDNFDLRYDLAVRPRDIRRAILD
YRPNIIHFSGHGVGVKGLSFEDETGKEQLVTGEALAGLFGQFSNQVECVLLNACYSEVQA
NAIVQHINYVIGMNDAIDDKAAIEFVVAFYDALAAYNREYDSGSPVEFAFNIARNAIELA
GVSGESIPELKKKPNIIDKTPNLPVVEPPTNKQIPGQTKIFICRRLTQDWQDLADYFEIQ
PHERAGFKPGREPHSIWEWLEQRNRLGELESALIEIGREDLAQELKKK",">UPI000BBC0149
QTKIFICRRLTQDWQDLADYFEIQPHERAGFKPGREPHSIWEWLEQRNRLGELESALIEIGREDLAQELKKK"
bdld3_65,CA729_RS14610,A0A1Z4LQG3_9CYAN,">tr|A0A1Z4LQG3|A0A1Z4LQG3_9CYAN PNP_UDP_1 domain-containing protein OS=Calothrix parasitica NIES-267 OX=1973488 GN=NIES267_29810 PE=4 SV=1
MKPEKIKEFLDRIEKIKSIMIDIATNQSNVWDEEEYYQEIYQEIDITIDFLNEDNLNVNN
VNTFETLKKWHDFYDDNGLNTQARKKYVYELYSDIIYKVENYLYDLNLKLNNNSFNFDIS
QVDKFLKNLEAIKNIMIDVATKKSKVEDDNEIYIKIWQEVALQIRQLRIIDIPIANPSSF
RELPHWQAHYSCELENYEYRREYVNNLYSSIINPIRKAIKRYNSTDASVEDFLEYLKRYL
AQADSNQSSAPIYNFRQERPQSLDIKNIKASSHQDAIKELEPIDNNHSIESNAIYSAIAT
VSDSQNQLIENKTDVVIITALSKERDAILKYLESPQIIKSSGRTFHKASIRTSKSEITYQ
VIILCLHGMGSDRAGNATQRAITEFNPSQIILAGIAGGVPKENSRYLGDIIVGEQIINYG
LNKQVRIEQDNPQTQRRYEVYRPARIMLEAAKNLPLQNWIFSIKAQRPDGTTGRINPDVH
FGAIASGNTVIADQNLRDELKSDWSQLVGIEMEAAGAALAAYESDFMPGILLVKGMCDWA
DGSKNDDWQEYAAETAASFVIGLLRTAPFKSKLKVDLHSNYVSSEETLSESNSKSENSIH
ENRITTITTVPIHYSGKLKITICNRLVRDWEDLADYFDIKLHERETFEKGKEARRVWEWL
EQRNRLHELEDALIAIGREDLAEEFKK",">tr|A0A1Z4LQG3|A0A1Z4LQG3_9CYAN PNP_UDP_1 domaincontaining protein OS=Calothrix parasitica NIES267 OX=1973488 GN=NIES267_29810 PE=4 SV=1
KLKITICNRLVRDWEDLADYFDIKLHERETFEKGKEARRVWEWLEQRNRLHELEDALIAIGREDLAEEFKK"
bdld3_66,CDC41_RS35135,A0A1Z4T3I0_9CYAN,">tr|A0A1Z4T3I0|A0A1Z4T3I0_9CYAN PNP_UDP_1 domain-containing protein OS=Calothrix sp. NIES-4105 OX=2005463 GN=NIES4105_72190 PE=4 SV=1
MKVEQLQDNLAKIERLQSTMIDVANHGFDIRDRDDLYQQLYQEVDLFIEILQEEGLSVSN
PNNFQSLWEWYEYWSSEALKPYAREKYVYDLYLNIFNIIEDLLQDKSIDISIETLNILYF
ENLNKTIKQIQSILSNVATKESKVEDKEENYITIYKYISTQIKNLKALGIPINNPNYFRK
LSYWKAYCLCELSTHQSRQEYIEKLYITITSSIEKAKKRTSLKDASVKEFLEYFKRYIIE
AQLIQNPVVASKIPAENIQLIEQNTEATLFSFDSESRKPVTNSKSIEELSPPIFASTTQS
SQSNSYDAIIDVVIITALEKERDAVLRYLDSPQLTQRFGKTFYTSVIKTLNSTIVYQVII
VCLEGMGNLKSSFATQKAITEINPSRIILVGIAGGVPKDGRYLGDIIVGEQILYYELGKQ
IQLERNIPQTQRRNEVYRPAKDLLDAAKSLNPQNWVFSIKAQRPDGSTGRVIPKVHFGVV
ASGDKVIADSSFREELQSDWSQLVGVEMESAGAASAAYESNFMQGIFLVKGMCDWADGSK
NDVWQEYAAESSACFVVNLLKLAPFESKLKLNTQNSGSSVIDSKFIADVSNNQEPISSTI
KISKNYSGRVKVRVCENLFPGWELLADYFDISPRERAAFQPGRQAHDVWDWLKQRDRLDE
LEDALREIGREEVVQELYK",">tr|A0A1Z4T3I0|A0A1Z4T3I0_9CYAN PNP_UDP_1 domaincontaining protein OS=Calothrix sp. NIES4105 OX=2005463 GN=NIES4105_72190 PE=4 SV=1
RVKVRVCENLFPGWELLADYFDISPRERAAFQPGRQAHDVWDWLKQRDRLDELEDALREIGREEVVQELYK"
bdld3_67,CEN39_RS27445,UPI000C7F95E0,">UPI000C7F95E0
MNSNANVKKILILAVNPNQTKSLNLAEEVRDIKEALQLSKYRDRFLLEQEWAVRPRDIRR
AILDFRPNIIHFCGHGAGSQGLCFQDEVGNLQFVTGEVLADLFQNFATQIECVLINACYS
EVQAEAIVQHIDYVIGMNAPIHDKPAIEFAVGFYDGLVGYDSQQDQLPPVEFAFKLGCNA
IGLAGLSGNDPRNAVRLNPGVSADAIPVLKKNPNIIDKRIDSPVVEPRINIKISGRTKIL
ICQRLTQDWQDLADYFDIKLHERAGFRPGREPHSIWEWLEQRNRLGELESALIDIGREDL
AEELKKKLVDDLETETSCLGKLIGDVPNLPPHFLPRPEQLEPLKQQVLSGTNQPLGITAK
SSGIGLQGMGGIGKTVLATALARDKEVRLVFPDGVIWITFGQTPQILGWQSFVAHALGDS
QAAFTDINLGKARLKELFAEKACLLILDDIWNLEHAKPFHVVGERCQILVTTRNAEIITD
LGAVRHEVSILTEGQALSLLAQSAQQPLEALPATAKEVARECGYLPLALAMVGAMVQGKP
LNRWDNLLHKLRSADLEKIRQDFPEYPYPDLFKAMQVSVEDLEADLKERYFDFAVFSEDT
PLPEVVLQTFWEPLGLDEYDTQDVIDELVEKSLAQRDENGYLRLHDLQFDYVRKQIPPIS
LTKGSTTDSTPLLRWSPQAGGPALSALHIRLLNAYQQKYADGWHTLTNDGYIFQQLAHHL
FAAGRTTELENLLFDFRWLQVKLEHININALITDYDFLPDNKNLQLVQGALRLSAHILAE
DKSLLPEQLLGRLLCFETSEIQALLEQAQQNKTTWLRPLTASLTPPGGPLLHTLVGHSDW
VRAVAFSPDGKYAISASRDKTLKVWNWQTGQEVRTLEGHSDWVRAVAFSPDGKYAISASF
DFTLKVWNWQTGEVIVSFTGDSPIICCAVAPDGVSIVAGETSGRVHFLRLEGFVG",">UPI000C7F95E0
RTKILICQRLTQDWQDLADYFDIKLHERAGFRPGREPHSIWEWLEQRNRLGELESALIDIGREDLAEELKKKLV"
bdld3_68,DRA43_RS16270,A0A365UWK4_MICCH,">tr|A0A365UWK4|A0A365UWK4_MICCH Response regulatory domain-containing protein OS=Micromonospora chalcea OX=1874 GN=DRA43_16250 PE=4 SV=1
MLDQRPVPRRHGSNPFSGPAKVDFCRRMQQENWRELADLYGISAAERASFPHGEQVAALW
DLVESRRRLDELPDHLDELGHTHLAEALRDSVVDAPVPAVTRVAGAGLGIRPTSAAGARR
RLLIVEDNDVLGRTLLNRLRPQFDCTLVRNFDEWEQLTVDGPPDFDGALVDRHLAETMND
GLGLHILEYLKQYTDTRSVLMTADTPPGFESDTIARYGVVGVYRKGEGQAGINVRSMIER
LFGPGD",">tr|A0A365UWK4|A0A365UWK4_MICCH Response regulatory domaincontaining protein OS=Micromonospora chalcea OX=1874 GN=DRA43_16250 PE=4 SV=1
PAKVDFCRRMQQENWRELADLYGISAAERASFPHGEQVAALWDLVESRRRLDELPDHLDELGHTHLAEALRDS"
bdld3_69,DRA43_RS16285,A0A365UWM2_MICCH,">tr|A0A365UWM2|A0A365UWM2_MICCH DUF2384 domain-containing protein OS=Micromonospora chalcea OX=1874 GN=DRA43_16265 PE=4 SV=1
MVGSALRTVADDTLPTADRWWFLEVAALATRAFGESFGPETAHPATPPTQAVAVPTESVP
ARQAAREPAERPRRAASVAHPGRVKVEFCRRLGASWAELADVLDVPPHERGLFVTGSEGR
ELWEWLQVRHRLPALPEALDLIGRDDLVELLAAPDPDRRTG",">tr|A0A365UWM2|A0A365UWM2_MICCH DUF2384 domaincontaining protein OS=Micromonospora chalcea OX=1874 GN=DRA43_16265 PE=4 SV=1
RVKVEFCRRLGASWAELADVLDVPPHERGLFVTGSEGRELWEWLQVRHRLPALPEALDLIGRDDLVELLAA"
bdld3_70,EV371_RS04300,UPI00102B0DD4,">UPI00102B0DD4 status=inactive
MASVRLRPHRGPQHGAILKLVPPHLATAESRAVDLAAQCTPADFYTRHLVPTKWVGPLPG
SSWWLHLQEVAQADVSTMLPLESLVDHADLAAYCGTIVTALVDGWPGDARSESKSVPPGE
FLRADLADKLAGLRDFARLAGLDPRSPAELVRVPGRADPLPNPFALVFGDGGPADEIEVF
RGNGHGDLHPGNILVPVDREIRAADFRLIDLGRFSPTTPVSRDPVKLLLAIADRWLPGLA
PYSALRSSLAELVVDPDRYPRTPPIAGYLEVAEAIYVAAAGWAIPYGLVKEWARQHRLVL
AASALRTVSRGDAGLPERWWYFELAALAVRALGSDGGSVPVDHTTPPSTPRPALRVDAVP
PGSVAPPRLSDRDPTPPPATDGRERPAAPAAETHERPAPPAAEGRDRPGGPAGVGGPGPA
RTGVRPGGSGRDSYSGLTRVHFGRRLGDSWPELADLLGMRPDEVDRLPQGREASHIWSWL
EVRRRLPELRDALFALDRPDLVNLLDEDA",">UPI00102B0DD4
LTRVHFGRRLGDSWPELADLLGMRPDEVDRLPQGREASHIWSWLEVRRRLPELRDALFALDRPDLVNLLDE
"
bdld3_71,EV371_RS04305,UPI00102B1B0F,">UPI00102B1B0F
MGFTAAAEREFYGRLHSSWPDLCTVLEIDEQDRDRFPTGEEGRQIWRWLKARKRLDELPD
ALLAIKREDLAETLEAGRLPDRAATEAGPRTPPGGPRLTGRALTEGYDAAAELERQGSYP
EALRRLEAVTASVLGDRILLLLHLGREEEAARLLDQVDELHRRVGLFEDDPERLTAHYYR
AALLWERRMLEQAETAYRTTLKARTEALGARDPETLRTRYSLAGVLTDRGRWQEAEAEYR
AVLADRTAVLGESHPDTALARYGLADLLARRGRRREAEAEYRQALQVCRQCCGADHPSTL
AIRYRLALLQRVERGVAATVTDLSAIRVALARVLGEDHPATRAVAGDLDRL",">UPI00102B1B0F
AAEREFYGRLHSSWPDLCTVLEIDEQDRDRFPTGEEGRQIWRWLKARKRLDELPDALLAIKREDLAETLEA"
bdld3_72,EJP87_RS14170,UPI00102B0DCA,">UPI00102B0DCA
MMLPNATPLDVLILTALEEEMERVKSHMNNPQNIMVLHQNWWQSTLAVENDSLKIGLFCF
QDMGNPQAAAKSVAFQKETQAELVVLIGLLGGREGSIALPIEEKRMRGDVVVAEVLVNYE
CGKNHPDRFESRSTPLRCDERLLLAVKKRTSSNEWTAKMKMKRPDGTSHRILPMVHFGTV
ASGEKVVADETTLNKLTELVDGMEAVPPLLGVEMEGYGTAIGSYEADVRFLFVKGICDWA
DSKKADDGWRPYAVDAAAALVFDLLAAGAFIPRRFSEASVQPAAKHGSDSHAPHQPDTFS
GRTKLELCRRLGENWEDVADSLDPSVPASDRRRFRPGNECQDLWTWLEIRGRLSELSDAL
RNAGREELAQLFDS",">UPI00102B0DCA
RTKLELCRRLGENWEDVADSLDPSVPASDRRRFRPGNECQDLWTWLEIRGRLSELSDALRNAGREELAQLFDS"
bdld3_73,EJP87_RS14175,UPI00102C9CA0,">UPI00102C9CA0
MSGPFSGRTKFQFCQRLHQSWEDLADVLEPEIPRHERNRFRQGRECEDLWGWLEDRDRLD
ELPEALGIIKRGDLAQLLEDERRTAPQPSDSPAGRLQENLSQSGLARQASTSQALDSTDW
DAFADLAELQIDVIREHIRAGRQHSALEQVNALKQRIFDRTPPSHQSRLLRLEATLRLSM
AEPLEVIEALASRAKALFPHQDDHLLAVRLVDAREGAQSAKEFLGEPITLFESHFHATLL
LELGSHQSARQWLQGDKHQQMLFSQSGGRDSFQSAETERLLALSCLFARNLGQAQLHVTK
ALEKEPGNELIRFALGAIYYCQALSPSLIPDRPVLFPYPSGKEMLRESSESLSYLDRAAE
LFRGLSNNQETIPSRRRVIEAWLLATLASHPERHKEGKNLCRQLLLQNPDHVGAIFLNKL
AGYNLPMGCTVELLESDLEEHKATVQGVNTLLWLRFQKAHPKIKQLRIILDKSRTLFTEA
GLEQNWHYWDIFFEAYAGEINKALTKAEILESHKAVLELKCNIRMLEARKSGKWLPVAES
VLDLFRATGNGSHLYSACQIFAQEKAWERVADLAKELVQTLATPAALKLAAVALWNRQAY
QECFTLLEEHWERLLSDIPPARISWIRIQCQRLLGNLPRAVREAEDLYRRESLPQYGISL
FDQYVECGDLKQAALWARELMDRHDMSAEFLLSASHIVLVQRE",">UPI00102C9CA0
RTKFQFCQRLHQSWEDLADVLEPEIPRHERNRFRQGRECEDLWGWLEDRDRLDELPEALGIIKRGDLAQLLEDE"
bdld3_74,FLV42_RS32380,UPI001177C056,">UPI001177C056
MQDAHIALVLVSQSFLDSKYCKDVEIQGFLANKSYLFPIILSPCEWQRHEWLHSRQFLPG
GDETIEEHYTDLGQRKRLFLKIRQQLRERAEQLRQAPPSNAVPAYSGQTKLAFFRQLGND
WRDLATVLGIGDYDWRRFERGEEGRNIWVWLENRRRLAELPPALIDIGRSDLAELLRRAQ",">UPI001177C056
QTKLAFFRQLGNDWRDLATVLGIGDYDWRRFERGEEGRNIWVWLENRRRLAELPPALIDIGRSDLAELLRRAQ"
bdld3_75,CLT72_RS05190,UPI000CBD16CC,">UPI000CBD16CC
MSGQGRPAGGSSFPGWAKVKFCQRMQPDNWRDLADLFDVSPADRARFTRGDEARSLWELV
EARGQLDRLPDLLDELGRAELSLLLRQSREAAEQPTLALPPVPQQDLNTLFFDLEEIRQL
LMEDAEQLRQRRRSTRDAQASLAPFVLTHRDSTVADRICEWLPHCYYGIACKPKITLGPL
VTSVDAQVARMARFRAELEHSDVACHVYGVDAPTKTITTFFERLASALDGARRCLVVIVT
AAPGVRLPDTLPRLPEPGFRRSHVTLWAQRIVAERGWQPGLATAWAGLVSEYAVDVGEML
HIGRAYEALEQSINDLLTDEAGFRRDLEKRMSLG",">UPI000CBD16CC
WAKVKFCQRMQPDNWRDLADLFDVSPADRARFTRGDEARSLWELVEARGQLDRLPDLLDELGRAELSLLLRQS"
bdld3_76,CLT72_RS05200,UPI000CA789F7,">UPI000CA789F7
MSQASDDRLTNPDAWRAILPDEVLAGLVRWAEAQASRVTHRRWLTDGRSGSYVAVVRLHP
DRGMLREAIVKLVPPQLAAAETAGVERARQFTPENFWRQHLVDTVKAGALPGTYWWLHQQ
QVAQGSVGELRSLATLIDEPDFGDICGMIVDRISADWGTGHDPDPVQRTAADHLNDFLEG
HRDRLAGFAGRHGLSLTDPSSEVWLPGRAGPLPNPLGLLTDRLDAGREKIDVFVGNGHGD
LHLGNILVPTGERVLADDFRLIDLGRFCPTTPVSRDPVKLALSVAAAWLPALAPGTPLRS
ALAELVVAPERHPASPPVAGYLAVMRRIHTAAASWGQRRDMSGAWARQHLLLLIGSALRT
VADEDLPIADRWWFFEVAALATRAYTDPSEARSQTPTTPPTRSGPSDAASPAAVPPSLPP
ATEPPPVETVTPPTPPAQVAVPDTAGPARPVRYPGRIKVQFARRLGQSWDELVDVLDVPV
YDRARFEPGRRAQALWEWLEVRDRLWSLRAALIEVGRDDLVVLLDHPPPQER",">UPI000CA789F7
RIKVQFARRLGQSWDELVDVLDVPVYDRARFEPGRRAQALWEWLEVRDRLWSLRAALIEVGRDDLVVLLDH"
bdld3_77,DTB52_RS46895,UPI0011BF95AE,">UPI0011BF95AE
MPLTTPARSSVGSFANTRFPQGKILMKLPARGRLQSSVCRSATLTVELDGVTVGFLDGAI
MIYSPATRAAFRQRLGPSWRDLADFLDIPSYESAQFLSGDEPRAIWDWLKNRDALWRLPK
ALQAIGRSDLASLLDSEQSADKLERPAAQDNDSPPVSQPGNTAISTSGEAGGAEPQFPTK
EIGDEEPKANDHQSATDIADDDLRTLIALLKKSPRRPEGDFPPAGKEIIDLLRRSVRLIA
PLYNIYPVSYGAFTARQIDNPVVLATVLDRVAPDRAASILERLPPQVATEVLVEMNYSNM
VATLHHIPRFFRQAILEFLESRVGGT",">UPI0011BF95AE
ATRAAFRQRLGPSWRDLADFLDIPSYESAQFLSGDEPRAIWDWLKNRDALWRLPKALQAIGRSDLASLLDSE"
bdld3_78,DTB52_RS46900,UPI000D8A055E,">UPI000D8A055E
MTANDASGENLIDPDAWAKTLPAEVFVAFSDWAAGQAFQISLVRWLTGGRSGSYVAVVRI
APENDRIHHAILKLLPPEIGKQESLGVDRAGKWTPRGFWDAHMVPTVAREPLPLPGWWLH
LQQVAHADLAHMRPLAALIDEPDFAEYCGKVVDGIVQHWHLPADPDPRTQSAQSFLTDFL
AKHQKGLRYFASLAGLDLGRPSDWVVVPGRADVLPNPLALLAGTLTDPESGRRLNDPVDV
YVSNGHGDLHLFNVLVPATAPISIEQFRLIDYGRFSTDTPVSRDPVKLLLSVAAHWLPGL
APGSALRSNLAELIVASADHPPSPPVVGYLAVAQRVHQAASRWGTLRDMPETWARQHLLV
LIGSALRTVADQELAFTDRWWFFEVAALATRVFAETDWRPGAPHVSTPPSLAPPTDSQAA
RTEKADQPSSPAPKLSMPHESGRVSGAVPSRPGRDGEPTRFSGKVKLAFVRRLGPSWQDL
SDLLDIPLYIQATFVTGNEARALWEWLEVRNQLNGLEDALREIGREDLADFFACE",">UPI000D8A055E
KVKLAFVRRLGPSWQDLSDLLDIPLYIQATFVTGNEARALWEWLEVRNQLNGLEDALREIGREDLADFFAC "
bdld3_79,NS2_RS30205,UPI0011BF3966,">UPI0011BF3966
RYVAKRAIGIWNPSYVFLTGIAGGARAGVDGLRLGDVLVPEQVVGYELAKVTASGTAPRY
QVYRPDKRLLDAARDVPPDRWAGRVSIARPDDTISDPAVHFGSVLSGEKVVADRDYLDDL
RGAWPKAIGVEMECLGVALAAYDSGPGFGMAKAVSDFGEESKNDAWQAYAAETAARFTVA
VLGSMQAPPRGRHHQSRPVGAVTTFPGPAKLAVCRRLLDDWKEVADYFEVPPHGRARFGR
GDEPRELWAWLEIRDKLHELPDALVEIGRGDLSRLLRDEAP",">UPI0011BF3966
PAKLAVCRRLLDDWKEVADYFEVPPHGRARFGRGDEPRELWAWLEIRDKLHELPDALVEIGRGDLSRLLRDEAP"
bdld3_80,GLP40_RS12945,A0A6I3KSE3_9NOCA,">tr|A0A6I3KSE3|A0A6I3KSE3_9NOCA PNP_UDP_1 domain-containing protein OS=Nocardia aurantiaca OX=2675850 GN=GLP40_12935 PE=4 SV=1
MPLPFPSESAPIIDTVILAALELERAAVVRALGEYVEYPWRGRKLQMGTIGDRRILVVPL
DGMGNVNSAYVAQRAIGIWNPAQVLLVGIAGGARAGAGDLALGDVLVPEQVVGYELAKVT
PTGAVPRYEVYRPDQELLAVARGVAADDWTTGIRIARPDDSLAVPCARFGPVLCGEKVVA
DETFLASLQTSWPKAIGIEMEALGVALAAYRGGPGFLMVKAVCDFAGEDKDDLWQRYAAD
AAARFAVAVLHAFSAPGAAGQRVQAKPLGAVNTFPGTVKLVVCQRLLDDWEKVADYFDVP
PHNRAPFRHGRQARDLWVWLEIRDKLHELPDALTVIGRADLAEILRDSQA",">tr|A0A6I3KSE3|A0A6I3KSE3_9NOCA PNP_UDP_1 domaincontaining protein OS=Nocardia aurantiaca OX=2675850 GN=GLP40_12935 PE=4 SV=1
NTFPGTVKLVVCQRLLDDWEKVADYFDVPPHNRAPFRHGRQARDLWVWLEIRDKLHELPDALTVIGR"
bdld3_81,GLP40_RS12950,A0A6I3KZK0_9NOCA,">tr|A0A6I3KZK0|A0A6I3KZK0_9NOCA NB-ARC domain-containing protein OS=Nocardia aurantiaca OX=2675850 GN=GLP40_12940 PE=4 SV=1
MTNLARARLEFQCRLGASWEDLAVLLGIKPYVSDGFAQGREASGIWRWLEERQRLAELPD
ALIHIDRTDLAALFAEMNLAAATDSMESSVSVTAFDLDPDLDHPVVEPRSSVPAALLSDQ
IVVGEIPGAPMAFVERETLDQLARALDRNRVAVVVCTLTGMRGVGKTQLAAAYARSRIAD
GCGVVGWVNAETSSELIAGLTRIAERLNVADPQGDSAESARRLTEHLATRRGDAVIVFDN
ATDPDALNQYVPASGARVIITSTNRSFTELGTPIDVGTYTRQESLGYLAERTGRDEDPGA
STIAEELGDLPLALASAAATIKARRLDYDAYCTLLRDQPVVETMRRRKGDSYPGSTAGAL
LLNVETVAAGDATGLCATLIGIIALLSPEGVPRELLHGVATARQVTTEAIESALEQCVDG
SVLTWSFSGDAVIMHRLMARVLWEKYRADGDFVAIATEVLDLIEPRMFDSSQAWDRRHEG
SWLISHAEALWEALQEEGLT",">tr|A0A6I3KZK0|A0A6I3KZK0_9NOCA NBARC domaincontaining protein OS=Nocardia aurantiaca OX=2675850 GN=GLP40_12940 PE=4 SV=1
MTNLARARLEFQCRLGASWEDLAVLLGIKPYVSDGFAQGREASGIWRWLEERQRLAELPDALIHIDR"
bdld3_82,CLT72_RS05165,UPI00130479D4,">UPI00130479D4
MALLSPTATAVACATVIRAVLADWNADRTSRPVTALDLLRMAVPDGAADGRTLVDRRQRP
ASPWVCADGLSMPDPRLLTRDDSPLSGLTLDIVEGRGLGGLHAQDVLLSTATGGAEPDPF
LLVDLTGYQARQPIDRDLVRLLLSVLTPVIARSGDDHGRLLLDLVTDPDRVPPQDGIAAE
SAIVRAVYGTAAGVLRREPDPEAWRRQYLLSLVTHGLTFSAHESLGPVVRWWCYRLAGRA
ALLLCDTAGGARVPRTAPVVGNPFLPSGAGRIPGPVRGLLASSTVRGLDLRRDPPQGNRV
SYPGWVKVEVCRALCTDWEDLADYLEVPPHERAGFQQGRGAFETWDWMEARFRLGELAPA
LRALGRPELADLLDDNERG",">UPI00130479D4
WVKVEVCRALCTDWEDLADYLEVPPHERAGFQQGRGAFETWDWMEARFRLGELAPALRALGRPELADLLDDN"
bdld3_83,NS506_RS18405,UPI00131A483B,">UPI00131A483B [Nocardia seriolae]
MGDSWRELVIVLGVASHETARFPPGDEADRILKWLEERCRLGELPDALRRIDRPDLAAVF
DGVDFLGERSDGYTDGHARLLTATLEPIRPGPDLFFRSATLNGTHYGDSVVHKCAYFCRD
IRSSVSYDLGGRYRSFESVVGVLDEAEEDDQTGYFQVFLGKSAAPTVAAKHGAPERIRLD
VTGVLRLRLVAYRSDAIGNPILVGAGQVVGKSARLAALAWGDPTLFE",">UPI00131A483B [Nocardia seriolae]
MGDSWRELVIVLGVASHETARFPPGDEADRILKWLEERCRLGELPDALRRIDRPDLAAVFDG"
bdld3_84,HCG51_RS32855,A0A6G9SNS7_9CYAN,">tr|A0A6G9SQT4|A0A6G9SQT4_9CYAN CHAT domain-containing protein OS=Tolypothrix sp. PCC 7910 OX=2099387 GN=HCG51_32860 PE=4 SV=1
MTVKQKKILILAANPTDTVRLRLDQELRDIKEGLQRSLNRENFDLRYDLAVRPRDIRRAI
LDYRPNIIQFSGHGAKEQGLAFEDETGKEQLVTGEALAGFFGQFSKQVECVLLNACYSEV
QAEAISQQINYVIGMNDEIFDKAAIEFVVGFYDALLAYNPEYDEGAPVEFAFNIARNAIQ
LAGVSGELIPELKKNPNLVDKIANSPVVEKRTNIQISGRTKIFICQRLTQDWQDLADYFD
IKPHERAGFRQGREPQSIWEWLEQRNRLDELESALAEIGRDDLADELKKK",">tr|A0A6G9SQT4|A0A6G9SQT4_9CYAN CHAT domaincontaining protein OS=Tolypothrix sp. PCC 7910 OX=2099387 GN=HCG51_32860 PE=4 SV=1
RTKIFICQRLTQDWQDLADYFDIKPHERAGFRQGREPQSIWEWLEQRNRLDELESALAEIGRDDLADELKKK"