Protein name,Species,Subclass,Sequence
atrrig_nt-MyD88_1,Atrina rigida,Pteriomorphia,MNRQVKPGQYDYDAYVVYNPCGADLEFVQLMTKVLQSAPYNLRLFVPWTEFTDSDFEPYLSAEIIEKRCSKVIVVVSKDAPESDIFHLQMKIAHSISPGCRGKRVIPVRLDDSELPAILKFTTSCDYYKSDLRLWIWDRIFSAFSNQMYAFKRMENFKIREKSKFPDIIMHTTQRNIKNWWR
atrrig_nt-MyD88_2,Atrina rigida,Pteriomorphia,MKQDYEYDAFVIYSPTDDDLKFVKKMTNILEAPPLCLRLFVPWRDNVDSETDHFITADLIENRCRKCIVVLSKNFGKSEVAEFQLKHAHCVSPGYRSRKILPIRLDDCEIPPVLKQLTILDYQITDVRKWFWRRLQGAFQVEERDTKPRKSTDGSMLPDIILDTSSKKLREFWISKDSVK
batazo_nt-MyD88_1,Bathymodiolus azoricus,Pteriomorphia,MGVMVEHEYDAFVLHNAEGKDLAFVQEMASILEGPKYNFRLFLPWRDLQATEQFETEVLAQIMTKRCSCAVVVISPNLLQSDVTSFLLSLIHSKYPSGRNSKLIPIQIESCELPAILQSVTVCDFTKIDMRCWVWQRMATSLRMATAKTVSRRPLFRCQGGLPDILRGTK
craari_nt-MyD88_1,Crassostrea ariakensis,Pteriomorphia,MGAYDYDAFVIYNPHGQGQEFVSLMTQVLTSPPYNLRLCVPWTDNNEPFEAVATAENIEKRCKKVLVVISAASLESDLFHFQLKVAHSMSPGARSRKIIPIRLDSTEVPAVIRFTTSCDYYKKELRVFVWDRLNSAFCNCDDNYKSRISKAVSLPEKRALPDLIPTSPLKRVQSWWRLKASVA
cracor_nt-MyD88_1,Crassostrea corteziensis,Pteriomorphia,MPRKEYDAFVIYNPVGDDQDFVRRMTAVMEAPPYSLKLFDPWRYPAHHEDHYVTMDYIKNKCRKCIVVLTDSFAGCQNAEFQLKYATSLTPANLFNHVIPICLEKCSIPEVLRYVYALPYYKTETRPWFWQRLFKALTMNSDEEEQKVKAGVGLPDVVLDTSQRATTNGLCPS
cracor_nt-MyD88_2,Crassostrea corteziensis,Pteriomorphia,MRKSFYKATRSQNRSLCQTETIEMDNRIKQYDAYVIAGDSEEDQAFVQMMSEILESSTHNLRLYIRSRDSTGELDFQKEADILMTGCEKTIVVLSRDFSQNEVCMYLLKVAVAKSPGFRLRPIIPIHREKCFAPSCIRFLTANDYTKEDVRPWFWPRVAACFKQRHTTFSKDRTAKKLPDVVCLPDIIIDSFSSDKQHGWRNS
cragig_nt-MyD88_1,Crassostrea gigas,Pteriomorphia,MKVDFDYDAFVICNPEGKDLEFANKLVDTMQASPYNLKLCAPWRNAGACSPNTRECTRDRCRKFLVVLSNNFYKSEEAVSHLHFAFSMSPGYKERRILPICLERCEIPTYLQLVTKLDVSNSRTRKWMWEQLYLSLKPRETGTHSEVCEQQH
cragig_nt-MyD88_2,Crassostrea gigas,Pteriomorphia,MGAYDYDAFVIYNPHGQDQEFVSLMTQVLTSPPYNLRLYVPWTDNNEPFEAVATAENIEKRCKKVLVVISAASLESDLFHFQLKVAHSMSPGARSRKIIPIRLDSTEVPAVIRFTTSCDYYKKELRVFVWDRLNSAFCNCDDNYKSRISKAVSLPEKRALPDLIPTSPLKRVQSWWRLKASVA*
cragig_nt-MyD88_3,Crassostrea gigas,Pteriomorphia,MGAYDYDAFVIYNPHGQDQEFVSLMTQVLTSPPYNLRLYVPWTDNNEPFEAVATAENIEKRCKKVLVVISAASLESDLFHFQLKVAHSMSPGARSRKIIPIRLDSTEVPAVIRFTTSCDYYKKELRVFVWDRLNSAFCNCDDNYKSRISKAVSLPEKRALPDLIPTSPLKRVQSWWRLKASVA
cragig_nt-MyD88_4,Crassostrea gigas,Pteriomorphia,MDNQINQYDAYVIAGDTEEDKLFLETMKSNLESSAFNLRLYIKSRDGPGDFDHQKESEIIMNSCEKIIVVLSRDFTQNEQCMYLLRVAISKSPGFHLRHIIPIHREECLAPSCIRFLTANDYTKEDIRTWFWPRVAACFKKNVINIRTAKKNLPAVVCLPDIIVDSFSSEKQQEWRNN*
cragig_nt-MyD88_5,Crassostrea gigas,Pteriomorphia,MTLMDYDAFVIYNPVGDDLHFVKLLVSVMEAPPYSLRLFVPWRDHAREDHYVSADLIQNKCRKCIVVLSNNFANSEMAEFQLKYATSLSPANLQNRVVPVCIEKCDIPEVLRFTCTLQYYKTDTRPWFWQRLYKAFLKHDREADQQVKEGVNLPDIILDTSCRKIKHHWSVT*
crahon_nt-MyD88_1,Crassostrea hongkongensis,Pteriomorphia,MGAYDYDAFVIYNPHGQDQEFVSLMTQVLTSPPYNLRLYVPWTDNNEPFEAVATAENIEKRCKKVLVVISAASLESDLFHFQLKVAHSMSPGARSRKIIPIRLDSTEVPAVIRFTTSCDYYKKELRVFVWDRLNSAFCNCDDNYKSRISKAVSLPEKRALPDLIPTSPLKVQSWWRLKASVA
cravir_nt-MyD88_1,Crassostrea virginica,Pteriomorphia,MARWEYDAFMIYNPVGEDQEFVRQLTVVMEAPPYRLKLFDPWRFQAFEEDHYVTMDYIKNKCRKCIVVLSNSFSDSQSAEFQLKYASSLSPATLPNRVVPICLVKCNIPEVLRYVYVLPYYKTETRPWFWQRLFKAFSGGCEGEEQRAKTSAHLPDIVLETAVQKINSQ
mytcal_nt-MyD88_1,Mytilus californianus,Pteriomorphia,MGIMVESYDAFVIHNEEGKDLEFVQEMARILEGPKYNLRLFLPWRDLQTTEDNETEVLAKIMVQRCRCAVVVISPNLLQSDVTSFLLSFVHSKYPSGRNSKLIPILIENCELPTILQSVTVCDFTKKDMRCWVWPRIASSMRMTQSRSTSGRRQFGPCSTRKSVLPDILH
mytcor_nt-MyD88_1,Mytilus coruscus,Pteriomorphia,MGIMVESYDAFVIHNEEGKDLEFVQEMARILEGPKYNLRLFLPWRDLQTTEENETEVLAKIMVQRCRCAVVVISPNLLQSDVTSFLLSFVHSKFPSGRNSKLIPILIENCELPTILQSVTVCDFTKKDMRCWVWPRIASSMRMTQSRSTSGRRQFMPCSTRKSVLPDLLH*
ostchi_nt-MyD88_1,Ostrea chilensis,Pteriomorphia,MRAEFDYDAFMICNPEGEDLEFVNSLVDTMQASPYHLKICVPWRVTDRYCCSDEHYIQHRSRSCIVVLSNNFNKSKEAISQLQFAHSLSPACKNRWIIPICLDECEVPGYLRHICKVNFYNTETRMWVWKRLYFSLTSPPTQYLM
ostedu_nt-MyD88_1,Ostrea edulis,Pteriomorphia,MEGGDTRYYDAFVIYNPDGNDLKFVKELANKLEAPPYNLKFFIPWRDDLPGESRYEASAHMIAMRCRRTLVILSQDFLKSAAADFHLKFAHCLSPGGRGRKVVPILVSKCEVPNIIRPLSYVDFVRPEVRDWSWPRLHAVLKRPQHPNPRDYNSEVEMKELMLDAGDRSIRSLWSTGVLTTNFP
ostedu_nt-MyD88_2,Ostrea edulis,Pteriomorphia,MMTEFEYDAFVVYNPYGKDQEFVSLMTRVLSSPPYNLRLYVPWTDDANDCFEAVATAENIEKRCKKVLVVISAASLESDLFHFQLKLAHSMSPGARRKVIPIRLDAIEVPAVIRFTTSCDYYKKELRVFVWDRLHAAFMDSDYAFKSRVSKSVSLPEKRKLPDLIPTSSPLKRVRSWWRLKASVA
pervir_nt-MyD88_1,Perna viridis,Pteriomorphia,MGRMVEHYDAFVIHNPEGTDLAFVQEMAMILEGPKYNFKLFLPWRDLHSTENNEIEILAEILTKRCTSAVVVVSPNLLQSDVTSFLLSLIHAKYPSGRNNKVIPIMIEKCEMPTILQSVTVCDFTKLDMRCWVWQRMALSLQTAQTQRQKGKSKESRRGGLPDLLKGL